paperID;Study Indicator;Publication Year;Randomized Controlled Study? (Y vs. N);Variable Indicator;N female;N male;N gender ueported;Journal;Location where conducted;Latitude University (proxy for climate);H5 Index GS Journal March 2016;Citations March 1 2016 (GS);"Which Search? (only first find included; order was WoS, PsycInfo, PubMed, GS, Informal)";NOTES;Predicted.Direction;Use.for.Bias.Test;Use.for.Meta;Reported.Overall.N;Focal Group Comparison;Link to bivariate correlations;F;log.reg.B;B;t;r;Chisq;beta;Waldchisq;df1;df2;Nwarm;Ncold;Ncontrol;int cell 2;int cell 3;int cell4;p.reported;Design;_2;d.reported;published;Effect Type: Neither (0)/Compensatory (1)/Priming (2)/Both (3);Physical Temperature Manipulation?;Visual/Verbal Temperature Prime?;Outside Temperature?;Temperature Estimate?;Subjective Warmth Judgment;Core Temperature Measurement?;Skin Temperature Measurement?;Moderated Effect?;Category: Emotion;Category:  Interpersonal;Category: Person Perception;Category: Group Processes ;Category: Robotics;Category: Moral Judgment;Category: Self-Regulation;Category: Cognitive Processes;Category: Economic Decision-Making;Category: Neural Mechanisms;PA/NA?;
1;2;2009;Y;1;48;26;0;Emotion;North Dakota State University;46.897793;56;47;Web of Science;;1;Yes;No;74;interaction;;26.61;;;;;;;;1;73;Not a between subjects experiment;;;;;;< .0001;Within;;1.21;Y;2;N;Y;N;N;N;N;N;N;Y;N;N;N;N;N;N;N;N;N;N;
1;3;2009;Y;1;26;21;0;Emotion;Gettsyburg College;39.837222;56;47;Web of Science;;1;Yes;Yes;47;(anger vs. neutral);;12.15;;;;;;;;1;46;Not a between subjects experiment;;;;;;;Within;;0.93;Y;2;N;Y;N;N;N;N;N;N;Y;N;N;N;N;N;N;N;N;N;N;
1;4;2009;Y;1;30;26;2;Emotion;North Dakota State University;46.897793;56;47;Web of Science;;1;Yes;Yes;58;;;4.19;;;;;;;;1;57;Not a between subjects experiment;;;;;;;Within;;0.54;Y;2;N;Y;N;N;N;N;N;N;Y;N;N;N;N;N;N;N;N;N;N;
1;5;2009;Y;1;36;14;0;Emotion;Gettsyburg College;39.837222;56;47;Web of Science;;1;Yes;Yes;50;(used hot vs. neutral main effect);;7.03;;;;;;;;1;49;Not a between subjects experiment;;;;;;;Within;;0.76;Y;2;N;Y;N;N;N;N;N;N;Y;N;N;N;N;N;N;N;N;N;N;
1;6;2009;Y;1;38;25;2;Emotion;North Dakota State University;46.897793;56;47;Web of Science;;1;Yes;Yes;65;(used hot vs. neutral main effect);;5.56;;;;;;;;1;64;Not a between subjects experiment;;;;;;;Within;;0.59;Y;2;N;Y;N;N;N;N;N;N;Y;N;N;N;N;N;N;N;N;N;N;
1;1a;2009;Y;1;73;36;2;Emotion;North Dakota State University;46.897793;56;47;Web of Science;;1;Yes;No;111;interaction;;31.1;;;;;;;;1;110;Not a between subjects experiment;;;;;;<.0001;Within;;1.06;Y;2;N;Y;N;N;N;N;N;N;Y;N;N;N;N;N;N;N;N;N;N;
1;1b;2009;Y;1;26;16;1;Emotion;North Dakota State University;46.897793;56;47;Web of Science;;1;Yes;No;43;interaction;;10.27;;;;;;;;1;42;Not a between subjects experiment;;;;;;;Within;;0.99;Y;2;N;Y;N;N;N;N;N;N;Y;N;N;N;N;N;N;N;N;N;N;
2;1;2011;Y;1;;;;Scientific Research and Essays;Hebei Normal University;38.002164;;;;Excluded (relevance);;No;No;;;;;;;;;;;;;;n/a;;;;;;;;;;;;;;;;;;;;;;;;;;;;;;;
2;2;2011;Y;1;;;;Scientific Research and Essays;Hebei Normal University;38.002164;24;6;Google Scholar citing W&B;;1;Yes;No;25;interaction;;15.99;;;;;;;;1;24;n/a;;;;;;0.001;Between;;emailed author;Y;2;N;Y;N;N;N;N;N;N;N;Y;N;N;N;N;N;N;N;N;N;
3;1;2012;Y;1;;;;N/A;Lisbon University Institute;38.74643;;13;Google Scholar citing W&B;;1;Yes;Yes;19;;;3.64;;;;;;;;1;17;n/a;;;;;;;Between;;emailed author;Y;2;Y;N;N;N;N;N;N;N;N;N;Y;N;N;N;N;N;N;N;N;
3;1;2012;Y;3;;;;N/A;Lisbon University Institute;38.74643;;13;Google Scholar citing W&B;;1;Yes;Yes;;;;8.49;;;;;;;;1;17;n/a;;;;;;;Between;;emailed author;Y;2;Y;N;N;N;N;N;N;N;N;N;Y;N;N;N;N;N;N;N;Y;
3;1;2012;Y;2;;;;N/A;Lisbon University Institute;38.74643;;13;Google Scholar citing W&B;;1;Yes;Yes;;;;9.36;;;;;;;;1;17;n/a;;;;;;;Between;;emailed author;Y;2;Y;N;N;N;N;N;N;N;N;N;Y;N;N;N;N;N;N;N;N;
4;2;unpub;Y;1;22;22;0;N/A;National University Singapore;1.297134;;0;Google Scholar citing W&B;;1;Yes;Yes;40;;;0.87;;;;;;;;1;38;20;;20;;;;;Between;;0.3;;;;;;;;;;;;;;;;;;;;;;
4;2;unpub;Y;2;22;22;0;N/A;National University Singapore;1.297134;;0;Google Scholar citing W&B;;1;Yes;Yes;;;;2.02;;;;;;;;1;38;20;;20;;;;0.16;Between;;0.46;N;2;N;N;N;N;N;N;Y;N;N;Y;N;N;N;N;N;N;N;N;N;
5;4;2015;Y;1;100;0;0;Cognition;The Hebrew University of Jerusalem;31.797243;61;1;Google Scholar citing W&B;interaction effect, reversal, both ps included;1;Yes;No;100;interaction;;;;;3.01;;;;;;96;50;50;;;;;< .01;Between;;0.61;Y;2;Y;N;N;N;N;N;N;N;N;N;Y;N;N;N;N;N;N;N;N;
5;4;2015;Y;1;100;0;0;Cognition;The Hebrew University of Jerusalem;31.797243;61;1;Google Scholar citing W&B;"interaction effect, reversal, both ps included (recoded sign; predicted direction was yes)";1;Yes;No;;interaction;;;;;1.47;;;;;;96;50;50;;;;;0.15;Between;;0.29;Y;2;Y;N;N;N;N;N;N;N;N;N;Y;N;N;N;N;N;N;N;N;
6;1;unpub;Y;1;32;14;0;N/A;UC Berkeley;37.872342;;0;PsycInfo;;1;Yes;Yes;46;;;7.82;;;;;;;;1;30;17;15;;;;;< .01;Between;;1.02;N;2;Y;N;N;N;N;N;N;N;N;N;N;Y;N;N;N;N;N;N;N;
6;2;unpub;Y;1;65;25;0;N/A;UC Berkeley;37.872342;;0;PsycInfo;;1;Yes;Yes;90;(compared warm vs. cold);;0.57;;;;;;;;1;56;32;26;32;;;;0.49;Between;;OMNIBUS;N;2;Y;N;N;N;N;N;N;N;N;N;N;Y;N;N;N;N;N;N;N;
6;3;unpub;Y;1a;66;47;0;N/A;UC Berkeley;37.872342;;0;PsycInfo;"Predictions were unclear; excluded";;No;No;113;;;;;;;;;;;;;49;32;32;;;;< .05;Between;;MODERATION;N;2;Y;N;N;N;N;N;N;Y;N;N;Y;Y;N;Y;N;N;N;N;N;
6;3;unpub;Y;1b;66;47;0;N/A;UC Berkeley;37.872342;;0;PsycInfo;"Predictions were unclear; excluded";;No;No;113;;;;;;;;;;;;;49;32;32;;;;< .05;Between;;MODERATION;N;2;Y;N;N;N;N;N;N;Y;N;N;Y;Y;N;Y;N;N;N;N;N;
7;;2014;Y;;;;;;;;;;;Excluded (relevance);;No;No;;;;;;;;;;;;;;;;;;;;;;;;;;;;;;;;;;;;;;;;;;;;;
8;;unpub;Y;;;;;;;;;;;Excluded (same as a later paper);;No;No;;;;;;;;;;;;;;;;;;;;;;;;;;;;;;;;;;;;;;;;;;;;;
9;1;2011;Y;1;28;30;0;Journal of Experimental Social Psychology;University of Cologne;51.039846;50;18;Google Scholar citing W&B;Recoded sign of effect (predicted direction);1;Yes;Yes;58;;;;;;3.22;;;;;;56;n/a;;;;;;0.002;Between;;WILL RECEIVE LATER;Y;2;N;N;Y;N;N;N;N;N;N;N;N;N;N;N;N;Y;N;N;N;
9;2;2011;Y;1;0;55;0;Journal of Experimental Social Psychology;University of Cologne;51.039846;50;18;Google Scholar citing W&B;"Interaction effect attenuates; interaction p included";1;Yes;No;55;interaction;;4.69;;;;;;;;1;51;n/a;;;;;;0.035;Between;;WILL RECEIVE LATER;Y;2;N;N;Y;N;N;N;N;Y;N;Y;Y;N;N;N;N;Y;N;N;N;
9;3;2011;Y;1;0;37;0;Journal of Experimental Social Psychology;University of Cologne;51.039846;50;18;Google Scholar citing W&B;"Interaction effect attenuates; interaction p included";1;Yes;No;41;interaction;;4.65;;;;;;;;1;33;n/a;;;;;;0.039;Between;;WILL RECEIVE LATER;Y;2;Y;N;N;N;N;N;N;Y;N;Y;Y;N;N;N;N;Y;N;N;N;
10;1;2014;Y;1;202;58;0;Journal of Scientific Psychology;Michigan State University;42.721106;;2;Google Scholar citing W&B;;-1;Yes;Yes;260;;;;;;-0.006;;;;;;258;123;137;;;;;0.995;Between;;0;Y;2;Y;N;N;N;N;N;N;N;N;Y;N;N;N;N;N;N;N;N;N;
11;1;2012;Y;3;;;;HRI '2012;Sungkyunkwan University;37.587183;32;10;Google Scholar citing W&B;3 levels of variable;1;Yes;Yes;;;;3.47;;;;;;;;1;33;n/a;;;;;;< .05;Between;;emailed author;Y;2;Y;N;N;N;N;N;N;N;N;N;Y;N;Y;N;N;N;N;N;N;
11;1;2012;Y;1;;;;HRI '2012;Sungkyunkwan University;37.587183;32;10;Google Scholar citing W&B;3 levels of variable;1;Yes;Yes;39;warm vs. neutral;;3.67;;;;;;;;1;35;n/a;;;;;;<.05;Between;;emailed author;Y;2;Y;N;N;N;N;N;N;N;N;Y;Y;N;Y;N;N;N;N;N;N;
11;1;2012;Y;2;;;;HRI '2012;Sungkyunkwan University;37.587183;32;10;Google Scholar citing W&B;3 levels of variable;1;Yes;Yes;;;;3.97;;;;;;;;1;34;n/a;;;;;;< .05;Between;;emailed author;Y;2;Y;N;N;N;N;N;N;N;N;Y;Y;N;Y;N;N;N;N;N;N;
11;1;2012;Y;4;;;;;;;;;;Excluded (relevance);;No;No;;;;;;;;;;;;;;;;;;;;;;;;;;;;;;;;;;;;;;;;;;;;;
12;1;2013;Y;1;26;33;0;Social Psychology;Abcoude (school);52.272071;21;38;Web of Science;"Interaction effect attenuates; interaction p included";1;Yes;No;59;interaction;;4.52;;;;;;;;1;55;30;29;;;;;0.038;Between;;MODERATION;Y;2;Y;N;N;N;N;N;N;Y;N;Y;N;N;N;N;N;N;N;N;N;
13;1;2015;Y;1;47;32;0;Social Psychological and Personality Science;The University of Hong Kong, Pok Fu Lam;22.282241;39;1;Web of Science;3 levels of variable;1;Yes;Yes;79;took warm vs. cold;;7.1;;;;;;;;1;76;26;26;27;;;;<.01;Between;;OMNIBUS;Y;3;Y;N;N;N;N;N;N;N;N;Y;N;N;N;N;N;N;N;N;N;
13;2;2015;Y;1;58;17;0;Social Psychological and Personality Science;The University of Hong Kong, Pok Fu Lam;22.282241;39;1;Web of Science;"Interaction effect attenuates; interaction p included";1;Yes;No;75;interaction;;;;;2.14;;;;;;71;36;39;;;;;< .04;Between;;MODERATION;Y;2;Y;N;N;N;N;N;N;Y;N;Y;N;N;N;N;N;N;N;N;N;
14;1;2012;Y;1;25;16;0;Acta Psychologica;VU University;52.334984;37;64;Web of Science;"Interaction effect attenuates; interaction p included";1;Yes;No;40;interaction (on time);;6.07;;;;;;;;1;38;;21;20;;;;0.018;Mixed Model;;MODERATION;Y;2;N;N;N;N;N;N;Y;Y;N;Y;N;N;N;N;N;N;N;N;N;
14;2;2012;Y;1;36;50;0;Acta Psychologica;VU University;52.334984;37;64;Web of Science;"Interaction effect attenuates; interaction p included";1;Yes;No;86;interaction;;6.27;;;;;;;;3;82;19;22;23;22;;;0.014;Between;;MODERATION;Y;2;Y;N;N;N;N;N;N;Y;N;Y;N;N;N;N;Y;N;N;N;Y;
15;1;2014;Y;1;24;23;0;Frontiers in Psychology;Nagoya University;35.154877;54;1;PsycInfo;"Interaction effect attenuates; interaction p included (did not include mediation in this one; not entirely clear theoretically)";1;Yes;No;46;interaction;;3.67;;;;;;;;1;44;;23;23;;;;0.062;Between;;MODERATION;Y;2;Y;N;N;N;N;N;N;Y;N;N;N;N;N;Y;N;N;N;N;N;
15;1;2014;Y;3;24;23;0;Frontiers in Psychology;Nagoya University;35.154877;54;1;PsycInfo;;1;Yes;Yes;;;;;;;0.71;;;;;;44;;23;23;;;;0.481;Between;;0.21;Y;2;Y;N;N;N;N;N;N;N;N;N;N;N;N;Y;N;N;N;N;Y;
15;1;2014;Y;2;24;23;0;Frontiers in Psychology;Nagoya University;35.154877;54;1;PsycInfo;;1;Yes;Yes;;;;;;;0.07;;;;;;44;;23;23;;;;0.945;Between;;0.02;Y;2;Y;N;N;N;N;N;N;N;N;N;N;N;N;Y;N;N;N;N;Y;
15;2;2014;Y;1;17;24;0;Frontiers in Psychology;Nagoya University;35.154877;54;1;PsycInfo;"Interaction effect attenuates; interaction p included";1;Yes;No;41;interaction;;3.54;;;;;;;;1;39;;21;20;;;;0.067;Mixed Model;;MODERATION;Y;2;Y;N;N;N;N;N;N;Y;N;N;N;N;N;Y;N;N;N;N;N;
15;2;2014;Y;3;17;24;0;Frontiers in Psychology;Nagoya University;35.154877;54;1;PsycInfo;;1;Yes;Yes;;;;;;;0.85;;;;;;39;n/a;;;;;;0.403;Between;;emailed authors;Y;2;Y;N;N;N;N;N;N;N;N;N;N;N;N;Y;N;N;N;N;Y;
15;2;2014;Y;2;17;4;0;Frontiers in Psychology;Nagoya University;35.154877;54;1;PsycInfo;;1;Yes;Yes;;;;;;;0.04;;;;;;39;n/a;;;;;;0.97;Between;;emailed authors;Y;2;Y;N;N;N;N;N;N;N;N;N;N;N;N;Y;N;N;N;N;Y;
16;1;2013;Y;1;56;25;0;Acta Psychologica;University of TŸbingen;48.521636;37;2;Web of Science;"author indicated that t needed to be corrected (reversed sign; effect was in expected direction)";1;Yes;Yes;81;;;;;;2.23;;;;;;79;n/a;;;;;;0.029;Between;;emailed authors;Y;2;Y;N;N;N;N;N;N;N;N;Y;N;N;N;N;Y;Y;N;N;N;
16;2;2013;Y;1;20;56;0;Acta Psychologica;University of TŸbingen;48.521636;37;2;Web of Science;study too far removed in terms of underlying logic (also, interaction effect reported, but then contrast reported of 1 condition vs. rest);-1;No;No;76;(interaction);;;;;;;;;;;need to calculate;n/a;;;;;;< .001;Between;;emailed authors;Y;2;Y;N;N;N;N;N;N;Y;N;Y;N;N;N;N;N;Y;N;N;N;
16;2;2013;Y;1;20;56;0;Acta Psychologica;University of TŸbingen;48.521636;37;2;Web of Science;study too far removed in terms of underlying logic (also, interaction effect reported, but then contrast reported of 1 condition vs. rest);;No;No;;;;;;;;;;;;;need to calculate;n/a;;;;;;0.013;Between;;emailed authors;Y;2;Y;N;N;N;N;N;N;Y;N;Y;N;N;N;N;N;Y;N;N;N;
17;;2015;;;;;;;;;;;;Excluded (relevance);;No;No;;;;;;;;;;;;;;;;;;;;;;;;;;;;;;;;;;;;;;;;;;;;;
18;;;;;;;;;;;;;;Emailed for paper, not received;;No;No;;;;;;;;;;;;;;;;;;;;;;;;;;;;;;;;;;;;;;;;;;;;;
19;1;unpub;Y;3;56;34;0;N/A;California State University;33.764135;;0;Google Scholar citing W&B;;1;Yes;Yes;;warm vs. cold comparison taken (there was also neutral);;0.876;;;;;;;;1;47;n/a;;;;;;0.35;Between;;emailed authors;N;2;Y;N;N;N;N;N;N;N;N;N;N;N;N;N;N;Y;N;N;Y;
19;1;unpub;Y;1;56;34;0;N/A;California State University;33.764135;;0;Google Scholar citing W&B;;1;Yes;Yes;90;;;;;;2.24;;;;;;47;n/a;;;;;;0.03;Between;;emailed authors;N;2;Y;N;N;N;N;N;N;N;Y;N;N;N;N;N;N;Y;N;N;N;
19;1;unpub;Y;2;56;34;0;N/A;California State University;33.764135;;0;Google Scholar citing W&B;;1;Yes;Yes;;;;;;;1.74;;;;;;47;n/a;;;;;;0.08;Between;;emailed authors;N;2;Y;N;N;N;N;N;N;N;N;N;N;N;N;N;N;Y;N;N;N;
20;1;unpub;Y;3;;;;N/A;The Chinese University of Hong Kong ;22.417534;;0;PsycInfo;WE OBTAINED THIS FROM THE AUTHORS;1;Yes;Yes;;;;0.36;;;;;;;;1;42;21;23;;;;;0.55;Between;;MODERATION;N;2;Y;N;N;N;N;N;N;Y;N;N;N;Y;N;N;N;N;Y;N;Y;
20;1;unpub;Y;2;;;;N/A;The Chinese University of Hong Kong ;22.417534;;0;PsycInfo;WE OBTAINED THIS FROM THE AUTHORS;1;Yes;Yes;44;;;1.74;;;;;;;;1;42;21;23;;;;;0.19;Between;;MODERATION;N;2;Y;N;N;N;N;N;N;Y;N;N;N;Y;N;N;N;N;Y;N;Y;
20;1;unpub;Y;1a;;;;N/A;The Chinese University of Hong Kong ;22.417534;;0;PsycInfo;interaction effect, reversal, both ps included ;1;Yes;Yes;;;;3.09;;;;;;;;1;42;21;23;;;;;< .09;Between;;MODERATION;N;2;Y;N;N;N;N;N;N;Y;N;N;N;Y;N;N;N;N;Y;N;N;
20;1;unpub;Y;1b;;;;N/A;The Chinese University of Hong Kong ;22.417534;;0;PsycInfo;interaction effect, reversal, both ps included ;1;Yes;Yes;;;;7.17;;;;;;;;1;42;21;23;;;;;< .05;Between;;MODERATION;N;2;Y;N;N;N;N;N;N;Y;N;N;N;Y;N;N;N;N;Y;N;N;
20;1;unpub;Y;2;;;;N/A;The Chinese University of Hong Kong ;22.417534;;0;PsycInfo;;1;Yes;Yes;;;;8.73;;;;;;;;1;42;21;23;;;;;< .01;Between;;0.91;N;2;Y;N;N;N;N;N;N;N;N;Y;N;Y;N;N;N;N;N;N;N;
20;6;unpub;Y;3;57;36;0;N/A;The Chinese University of Hong Kong ;22.417534;;0;PsycInfo;;1;Yes;Yes;;;;0.21;;;;;;;;1;91;46;47;;;;;0.65;Between;;0.1;N;2;Y;N;N;N;N;N;N;N;N;N;N;Y;N;N;N;N;Y;N;Y;
20;6;unpub;Y;2;57;36;0;N/A;The Chinese University of Hong Kong ;22.417534;;0;PsycInfo;WE OBTAINED THIS FROM THE AUTHORS;1;Yes;Yes;93;;;0.87;;;;;;;;1;91;46;47;;;;;0.36;Between;;0.2;N;2;Y;N;N;N;N;N;N;N;N;N;N;Y;N;N;N;N;Y;N;Y;
20;6;unpub;Y;1b;57;36;0;N/A;The Chinese University of Hong Kong ;22.417534;;0;PsycInfo;interaction effect, reversal, both ps included ;1;Yes;No;;interaction;;4.82;;;;;;;;1;89;46;47;;;;;< .05;Between;;MODERATION;N;2;Y;N;N;N;N;N;N;Y;N;N;N;Y;N;N;N;N;Y;N;N;
20;6;unpub;Y;1a;57;36;0;N/A;The Chinese University of Hong Kong ;22.417534;;0;PsycInfo;interaction effect, reversal, both ps included ;1;Yes;No;;interaction;;4.84;;;;;;;;1;89;46;47;;;;;< .05;Between;;MODERATION;N;2;Y;N;N;N;N;N;N;Y;N;N;N;Y;N;N;N;N;Y;N;N;
20;7;unpub;Y;1;135;55;0;N/A;The Chinese University of Hong Kong ;22.417534;;0;PsycInfo;"Interaction effect attenuates; interaction p included";1;Yes;No;109;interaction;;4.43;;;;;;;;1;104;not available;;;;;;< .05;Between;;MODERATION;N;2;Y;N;N;N;N;N;N;Y;N;N;N;Y;N;N;N;N;N;N;N;
21;1;2014;N;1;; ;;Journal of Consumer Psychology;Colorado Food Court;40.57029;35;6;Informal;;1;Yes;Yes;56;;;;;;3.28;;;;;;54;28;28;;;;;< .01;Between;;0.89;Y;2;N;N;N;Y;N;N;N;N;N;Y;N;N;N;N;Y;N;N;N;N;
21;2;2014;Y;1;29;25;0;Journal of Consumer Psychology;Colorado State University;40.57029;35;6;Informal;;1;Yes;Yes;54;;;;;;2.71;;;;;;52;27;27;;;;;< .01;Between;;0.75;Y;1;Y;N;N;N;N;N;N;N;N;N;Y;N;Y;N;N;N;N;N;N;
21;3;2014;Y;1b;47;47;0;Journal of Consumer Psychology;Colorado State University;40.57029;35;6;Informal;interaction effect, reversal, both ps included ;1;Yes;No;;interaction;;6.09;;;;;;;;1;93;24;23;23;24;;;< .05;Between;;MODERATION;Y;1;Y;N;N;N;N;N;N;Y;N;N;N;N;N;N;Y;N;Y;N;N;
21;3;2014;Y;1a;47;47;0;Journal of Consumer Psychology;Colorado State University;40.57029;35;6;Informal;interaction effect, reversal, both ps included ;1;Yes;No;94;interaction;;6.24;;;;;;;;1;93;24;23;23;24;;;< .05;Between;;MODERATION;Y;1;Y;N;N;N;N;N;N;Y;N;N;N;N;N;N;Y;N;Y;N;N;
22;1;2015;Y;1;68;25;0;British Journal of Social Psychology;Florida State University;30.440962;30;2;Web of Science;"Interaction effect attenuates; interaction p included";1;Yes;No;93;interaction;;4.78;;;;;;;;1;89;26;24;25;18;;;0.03;Between;;MODERATION;Y;3;Y;N;N;N;N;N;N;Y;N;Y;N;N;N;N;Y;N;N;N;N;
22;2;2015;Y;1;49;34;0;British Journal of Social Psychology;Florida State University;30.440962;30;2;Web of Science;"Interaction effect attenuates; interaction p included";1;Yes;No;83;interaction;;4.27;;;;;;;;2;77;14;16;13;17;9;14;0.02;Between;;MODERATION;Y;3;Y;N;N;N;N;N;N;Y;N;Y;N;N;N;N;Y;N;N;N;N;
23;1;2014;Y;1;18;30;0;Journal of Personality and Social Psychology;University of Chicago;41.78957;81;5;Web of Science;"Interaction effect attenuates; interaction p included (note, within participants)";1;Yes;No;49;interaction;;4.4;;;;;;;;1;46;24;24;"(""half of participants"")";;;;0.041;Mixed Model;;MODERATION;Y;1;N;N;Y;N;N;N;N;Y;N;Y;N;N;N;N;Y;N;N;N;N;
23;2;2014;Y;1;145;126;2;Journal of Personality and Social Psychology;Museum of Science and Industry, Chicago;41.790609;81;5;Web of Science;"Interaction effect attenuates; interaction p included (this was a threeway interaction; included cold vs hot comparisons in goal priming - note, conceptually I do not find this study to be clear). ";1;Yes;No;273;interaction;;13.25;;;;;;;;1;131;n/a;;;;;;0.0004;Between;;MODERATION;Y;3;N;Y;N;N;N;N;N;Y;N;Y;N;N;N;N;Y;N;N;N;N;
23;3;2014;Y;1;62;87;0;Journal of Personality and Social Psychology;University of Chicago;41.78957;81;5;Web of Science;"Interaction effect attenuates; interaction p included (note, conceptually I do not find this study to be clear). ";1;Yes;No;149;interaction;;3.6;;;;;;;;1;147;74;75;"(""half of participants"")";;;;0.059;Mixed Model;;MODERATION;Y;1;N;N;N;N;N;N;N;Y;N;Y;N;N;N;N;Y;N;N;N;N;
23;4;2014;Y;1;250;246;0;Journal of Personality and Social Psychology;Mturk;;81;5;Web of Science;;1;Yes;Yes;496;;;3.11;;;;;;;;1;492;248;248;"(""half of participants"")";;;;0.078;Between;;0.16;Y;2;N;N;N;N;Y;N;N;N;N;Y;N;N;N;N;N;N;N;N;N;
23;4;2014;Y;2;250;246;0;Journal of Personality and Social Psychology;Mturk;;81;5;Web of Science;"Interaction effect attenuates; interaction p included";1;Yes;No;;interaction;;5.31;;;;;;;;1;492;248;248;"(""half of participants"")";;;;0.022;Between;;MODERATION;Y;1;N;N;N;N;N;N;N;Y;N;Y;N;N;N;N;Y;N;N;N;N;
23;Discussion Study;2014;Y;1;;;;Journal of Personality and Social Psychology;University of Chicago;41.78957;81;5;Web of Science;Not included (null predicted);;No;No;;;;;;;;;;;;;;;;;;;;;;;;;;;;;;;;;;;;;;;;;;;;;
24;1;2008;Y;1;;;;Science;Yale University;41.306519;316;743;Web of Science;;1;Yes;Yes;41;;;4.08;;;;;;;;1;39;n/a;;;;;;0.05;Between;;;Y;2;Y;N;N;N;N;N;N;N;N;N;Y;N;N;N;N;N;N;N;N;
24;2;2008;Y;1a;;;;Science;Yale University;41.306519;316;743;Web of Science;"interaction effect, reversal, both ps included  (based on data authors; framcond=1)";1;Yes;No;53;interaction;;;2.41;;;;4.192;;4.192;1;;n/a;;;;;;0.041;Between;;;Y;2;Y;N;N;N;N;N;N;Y;N;N;Y;N;N;N;N;N;Y;N;N;
24;2;2008;Y;1b;;;;Science;Yale University;41.306519;316;743;Web of Science;"interaction effect, reversal, both ps included (based on data authors; framcond=2)";1;Yes;No;53;interaction;;;0.763;;;;0.091;;0.091;1;;n/a;;;;;;0.764;Between;;;Y;2;Y;N;N;N;N;N;N;Y;N;N;Y;N;N;N;N;N;Y;N;N;
25;;2010;Y;;;;;;;;;;;Excluded (relevance);;No;No;;;;;;;;;;;;;;;;;;;;;;;;;;;;;;;;;;;;;;;;;;;;;
26;1;2008;;1;6;6;0;Cognitive Neuroscience;University of Oxford;51.752021;19;71;PsycInfo;Excluded (relevance);;No;No;;;;;;;;;;;;;;;;;;;;;;;;;;;;;;;;;;;;;;;;;;;;;
27;1;2012;N;1;13;6;0;Emotion;Sun Y at-Sen University;40.918301;56;41;Google Scholar citing W&B;changed sign in F;1;Yes;Yes;19;;;;;;2.17;;;;;;550;"Continuous scale; within subjects design";;;;;;0.031;Within;;;Y;1;N;N;Y;N;N;N;N;N;Y;N;N;N;N;N;Y;N;N;N;N;
27;2;2012;Y;1;50;40;0;Emotion;Sun Y at-Sen University;40.918301;56;41;Google Scholar citing W&B;;1;Yes;Yes;90;"changed into cold vs. neutral (warm was very warm here); split evenly in conditions";;4.27;;;;;;;;1;59;n/a;;;;;;0.043;Between;;;Y;1;Y;N;N;N;N;N;N;N;Y;N;N;N;N;N;Y;N;N;N;N;
27;3;2012;N;1;534;518;18;Emotion;The Netherlands;52.132633;56;41;Google Scholar citing W&B;;1;Yes;Yes;1070;;;;;;8.51;;;;;;3206;"Continuous scale; within subjects design";;;;;;0.001;Within;;;Y;1;N;N;N;N;Y;N;N;N;Y;N;N;N;N;N;Y;N;N;N;N;
27;4;2012;Y;1;35;29;0;Emotion;Sun Y at-Sen University;40.918301;56;41;Google Scholar citing W&B;;1;Yes;Yes;64;;;4.51;;;;;;;;1;62;n/a;;;;;;0.039;Between;;;Y;1;N;N;N;Y;N;N;N;N;Y;N;N;N;N;N;Y;N;N;N;N;
27;5;2012;Y;1;55;25;0;Emotion;Sun Y at-Sen University;40.918301;56;41;Google Scholar citing W&B;;1;Yes;Yes;80;;;4.1;;;;;;;;1;78;n/a;;;;;;0.047;Between;;;Y;1;N;N;N;N;N;N;N;N;Y;N;N;N;N;N;Y;N;N;N;N;
28;1;2016;Y;1;86;34;0;Journal of Experimental Social Psychology;Woensel, The Netherlands;51.482373;50;3;Google Scholar citing W&B;;1;Yes;Yes;120;;;;;;1.95;;;;;;118;Continuous scale;;;;;;0.05;Between;;;Y;1;Y;N;N;N;N;N;N;N;N;Y;N;N;N;N;Y;N;Y;N;N;
28;1;2016;Y;4;86;34;0;Journal of Experimental Social Psychology;Woensel, The Netherlands;51.482373;50;3;Google Scholar citing W&B;;1;Yes;Yes;;;;;;;1.94;;;;;;118;Continuous scale;;;;;;0.05;Between;;;Y;1;Y;N;N;N;N;N;N;N;N;Y;N;N;N;N;Y;N;Y;N;N;
28;1;2016;Y;3;86;34;0;Journal of Experimental Social Psychology;Woensel, The Netherlands;51.482373;50;3;Google Scholar citing W&B;Valence judgment (PA/NA?);1;Yes;Yes;;;;;;;1.54;;;;;;118;Continuous scale;;;;;;0.126;Between;;;Y;1;Y;N;N;N;N;N;N;N;N;N;N;N;N;N;Y;N;Y;N;N;
28;1;2016;Y;2;86;34;0;Journal of Experimental Social Psychology;Woensel, The Netherlands;51.482373;50;3;Google Scholar citing W&B;;1;Yes;Yes;;;;;;;2.48;;;;;;110.9;Continuous scale;;;;;;0.03;Between;;;Y;1;Y;N;N;N;N;N;N;N;N;N;N;N;N;N;Y;N;Y;N;N;
28;2;2016;Y;2;132;98;0;Journal of Experimental Social Psychology;Tilburg and Bruges;51.560596;50;3;Google Scholar citing W&B;mediation - taking total effect of temperature on attractiveness;1;Yes;Yes;;;https://www.dropbox.com/s/j6cojvpuh438feq/28%20attract%20bivariate%20correlations.pdf?dl=0;;;;;0.001;;;;;230;Continuous scale;;;;;;< .01;Correlation;;;Y;1;N;N;Y;N;N;N;N;N;N;N;N;N;N;N;Y;N;Y;N;N;
28;2;2016;Y;1;132;98;0;Journal of Experimental Social Psychology;Tilburg and Bruges;51.560596;50;3;Google Scholar citing W&B;mediation - taking total effect of temperature on interest;1;Yes;Yes;230;;https://www.dropbox.com/s/par4z3uf526e7rk/28%20interest%20bivariate%20correlations.pdf?dl=0;;;;;0.03;;;;;230;Continuous scale;;;;;;< .01;Correlation;;;Y;1;N;N;Y;N;N;N;N;N;N;Y;N;N;N;N;Y;N;Y;N;N;
28;2;2016;Y;3;132;98;0;Journal of Experimental Social Psychology;Tilburg and Bruges;51.560596;50;3;Google Scholar citing W&B;mediation - taking total effect of temperature on WTP;1;Yes;Yes;;;https://www.dropbox.com/s/b66p78lz1z2q7me/28%20WTP%20Bivariate%20Correlations.pdf?dl=0;;;;;0.101;;;;;199;Continuous scale;;;;;;0.35;Correlation;;;Y;1;N;N;Y;N;N;N;N;N;N;N;N;N;N;N;Y;N;Y;N;N;
28;3;2016;N;1;141;75;0;Journal of Experimental Social Psychology;Netherlands and Belgium;52.132633;50;3;Google Scholar citing W&B;"interaction effect attenuates; interaction p included (CHOSE NOT TO INCLUDE OTHER EFFECT ON COMMUNALITY OF OWN HOUSE)";1;Yes;No;216;interaction;;;;;2.2;;;;;;212;Continuous scale;;;;;;0.03;Correlation;;;Y;2;N;N;Y;N;N;N;N;Y;N;Y;N;N;N;N;Y;N;Y;N;N;
29;;;;;;;;;;;;;;Excluded (same as a other paper);;No;No;;;;;;;;;;;;;;;;;;;;;;;;;;;;;;;;;;;;;;;;;;;;;
30;;2013;Y;;;;;;;;;;;Excluded (relevance);;No;No;;;;;;;;;;;;;;;;;;;;;;;;;;;;;;;;;;;;;;;;;;;;;
31;1;2013;Y;1;24;24;0;Journal of Experimental Social Psychology;University of Aberdeen;57.16498;50;10;Web of Science;"Interaction effect attenuates; interaction p included";1;Yes;No;48;interaction;;4.29;;;;;;;;1;44;n/a;;;;;;0.04;Between;;;Y;2;N;Y;N;N;N;N;N;Y;N;N;Y;N;N;N;N;N;N;N;N;
32;2;2013;Y;2b;;;;Personality and Social Psychology Bulletin;Northern Illinois University;41.933976;51;6;Web of Science;interaction effect, reversal, both ps included ;1;Yes;No;;interaction;;1.38;;;;;;;;1;70;78;71;;;;;0.24;Mixed Model;;;Y;2;Y;N;N;N;N;N;N;Y;N;N;Y;N;N;N;N;N;N;N;N;
32;2;2013;Y;1b;;;;Personality and Social Psychology Bulletin;Victoria University of Wellington;41.287768;51;6;Web of Science;interaction effect, reversal, both ps included ;1;Yes;No;;interaction;;3.93;;;;;;;;1;70;78;71;;;;;0.051;Mixed Model;;;Y;2;Y;N;N;N;N;N;N;Y;N;N;Y;N;N;N;N;N;N;N;N;
32;2;2013;Y;2a;;;;Personality and Social Psychology Bulletin;Northern Illinois University;41.933976;51;6;Web of Science;interaction effect, reversal, both ps included ;1;Yes;No;;interaction;;3.99;;;;;;;;1;77;78;71;;;;;0.05;Mixed Model;;;Y;2;Y;N;N;N;N;N;N;Y;N;N;Y;N;N;N;N;N;N;N;N;
32;2;2013;Y;1a;;;;Personality and Social Psychology Bulletin;Victoria University of Wellington;41.287768;51;6;Web of Science;interaction effect, reversal, both ps included ;1;Yes;No;149;interaction;;4.27;;;;;;;;1;77;78;71;;;;;0.04;Mixed Model;;;Y;2;Y;N;N;N;N;N;N;Y;N;N;Y;N;N;N;N;N;N;N;N;
33;1;2013;Y;3;44;29;0;Social Behavior and Personality;Deyang City, Sichuan Province;31.126856;24;2;Web of Science;;1;Yes;Yes;;took hot soup (M = 4.23, SD = 2.61, n = 18) vs pooled estimate of control foods (M = 2.80, SD = 2.31, n = 36);;;;;1.97;;;;;52;36;18;19;36;;;;< .01;Between;;;Y;1;N;N;N;N;N;N;N;N;N;N;N;N;N;N;Y;N;N;N;N;
33;1;2013;Y;1;44;29;0;Social Behavior and Personality;Deyang City, Sichuan Province;31.126856;24;2;Web of Science;changed sign in inferential stat;1;Yes;Yes;73;;;;;;2.48;;;;;;36;18;19;37;;;;0.018;Between;;;Y;0;N;N;N;Y;N;N;N;N;Y;N;N;N;N;N;Y;N;N;N;N;
33;1;2013;Y;2;44;29;0;Social Behavior and Personality;Deyang City, Sichuan Province;31.126856;24;2;Web of Science;changed sign in inferential stat;1;Yes;Yes;;;;;;;2.6;;;;;;36;18;19;37;;;;0.014;Between;;;Y;2;N;N;N;Y;N;N;N;N;N;N;N;N;N;N;Y;N;N;N;N;
34;1a;2015;Y;2;117;195;0;Plos One;US Mturk;;161;6;Web of Science;;-1;Yes;Yes;;;;;;;;-0.18;;;;;311;Continuous scale;;;;;;< .01;Correlation;;;Y;2;N;N;N;N;Y;N;N;N;N;N;Y;N;N;N;N;N;Y;N;N;
34;1a;2015;Y;3;117;195;0;Plos One;US Mturk;;161;6;Web of Science;;1;Yes;Yes;;;;;;;;0.061;;;;;311;Continuous scale;;;;;;0.28;Correlation;;;Y;2;N;N;N;N;N;N;N;N;N;N;Y;N;N;N;N;N;Y;N;Y;
34;1a;2015;Y;1;117;195;0;Plos One;US Mturk;;161;6;Web of Science;;1;Yes;Yes;312;;;;;;;0.11;;;;;311;Continuous scale;;;;;;0.044;Correlation;;;Y;2;N;N;N;Y;N;N;N;N;N;N;Y;N;N;N;N;N;Y;N;N;
34;1b;2015;Y;3;82;212;0;Plos One;US Mturk;;161;6;Web of Science;;1;Yes;Yes;;;;0.003;;;;;;;;1;293;Continuous scale;;;;;;0.955;Correlation;;;Y;2;N;N;N;N;N;N;N;N;N;N;Y;N;N;N;N;N;Y;N;Y;
34;1b;2015;Y;2;82;212;0;Plos One;US Mturk;;161;6;Web of Science;;1;Yes;Yes;;;;1.72;;;;;;;;1;307;Continuous scale;;;;;;0.19;Correlation;;;Y;2;N;N;N;N;Y;N;N;N;N;N;Y;N;N;N;N;N;Y;N;N;
34;1b;2015;Y;1;82;212;0;Plos One;US Mturk;;161;6;Web of Science;;1;Yes;Yes;294;;;5.65;;;;;;;;1;293;Continuous scale;;;;;;< .001;Correlation;;;Y;2;N;N;N;Y;N;N;N;N;N;N;Y;N;N;N;N;N;Y;N;N;
34;2a;2015;Y;1;117;189;0;Plos One;US Mturk;;161;6;Web of Science;;1;Yes;Yes;306;;;;;;1.84;;;;;;301;152;;151;;;;0.066;Between;;;Y;2;N;N;N;Y;N;N;N;N;N;N;Y;N;N;N;N;N;Y;N;N;
34;2a;2015;Y;2;117;189;0;Plos One;US Mturk;;161;6;Web of Science;;-1;Yes;Yes;;;;;;;-0.34;;;;;;304;152;;151;;;;0.74;Between;;;Y;2;N;N;N;N;Y;N;N;N;N;N;Y;N;N;N;N;N;Y;N;N;
34;2b;2015;Y;1;175;382;0;Plos One;US Mturk;;161;6;Web of Science;;1;Yes;Yes;557;;;;;;2.03;;;;;;555;273;;284;;;;0.043;Between;;;Y;2;N;N;N;Y;N;N;N;N;N;N;Y;N;N;N;N;N;Y;N;N;
34;2b;2015;Y;2;175;382;0;Plos One;US Mturk;;161;6;Web of Science;;1;Yes;Yes;;;;;;;0.94;;;;;;555;273;;284;;;;0.35;Between;;;Y;2;N;N;N;N;Y;N;N;N;N;N;Y;N;N;N;N;N;Y;N;N;
34;2c;2015;Y;1;220;323;0;Plos One;US Mturk;;161;6;Web of Science;;-1;Yes;Yes;543;;;;;;-0.89;;;;;;534.79;268;;276;;;;0.38;Between;;;Y;2;N;N;N;Y;N;N;N;N;N;N;Y;N;N;N;N;N;Y;N;N;
34;2c;2015;Y;2;220;323;0;Plos One;US Mturk;;161;6;Web of Science;;1;Yes;Yes;;;;;;;1.6;;;;;;542;268;;276;;;;0.11;Between;;;Y;2;N;N;N;N;Y;N;N;N;N;N;Y;N;N;N;N;N;Y;N;N;
35;1;unpub;Y;1b;;;;N/A;Baruch College;40.740199;;0;Informal;interaction effect, reversal, both ps included ;1;Yes;No;;interaction;;3.14;;;;;;;;1;113;n/a;;;;;;< .08;Between;;;N;1;Y;N;N;N;N;N;N;Y;Y;N;N;N;N;N;Y;Y;N;N;N;
35;1;unpub;Y;1a;;;;N/A;Baruch College;40.740199;;0;Informal;interaction effect, reversal, both ps included ;1;Yes;No;170;interaction;;4.43;;;;;;;;1;113;n/a;;;;;;< .04;Between;;;N;2;Y;N;N;N;N;N;N;Y;Y;N;N;N;N;N;Y;Y;N;N;N;
35;2;unpub;Y;1;;;;N/A;Baruch College;40.740199;;0;Informal;MODERATED MEDIATION (ATTENUATED) - took total effect of temperature on willingness to pay (ClockDollars);1;Yes;No;112;;https://www.dropbox.com/s/9zox3dixpoiz5os/35%20bivariate%20Correlations.spv?dl=0;;;;;-0.05;;;;;110;n/a;;;;;;;Correlation;;;N;1;Y;N;N;N;N;N;N;Y;Y;N;N;N;N;N;Y;Y;Y;N;N;
35;2;unpub;Y;1;;;;N/A;Baruch College;40.740199;;0;Informal;"Interaction effect attenuates; interaction p included";1;Yes;No;112;interaction;;4.46;;;;;;;;1;108;n/a;;;;;;< .04;Between;;;N;1;Y;N;N;N;N;N;N;Y;Y;N;N;N;N;N;Y;Y;Y;N;N;
35;3;unpub;Y;1;;;;N/A;University of Oxford;51.752021;;0;Informal;changed sign in inferential stat;1;Yes;Yes;163;;https://www.dropbox.com/s/9zox3dixpoiz5os/35%20bivariate%20Correlations.spv?dl=0;;;;3.16;;;0.02;;;158;n/a;;;;;;< .01;Between;;;N;1;Y;N;N;N;N;N;N;Y;Y;N;N;N;N;N;Y;Y;Y;N;N;
35;3;unpub;Y;2;;;;N/A;University of Oxford;51.752021;;0;Informal;changed sign in inferential stat;1;Yes;Yes;;;https://www.dropbox.com/s/9zox3dixpoiz5os/35%20bivariate%20Correlations.spv?dl=0;;;;;;;0.24;;;158;n/a;;;;;;< .01;Between;;;N;1;Y;N;N;N;N;N;N;Y;Y;N;N;N;N;N;Y;Y;Y;N;N;
35;4;unpub;Y;1;;;;N/A;Baruch College;40.740199;;0;Informal;"Interaction effect attenuates; interaction p included";1;Yes;No;196;interaction;;4.38;;;;;;;;1;191;n/a;;;;;;< .04;Between;;;N;1;Y;N;N;N;N;N;N;Y;Y;N;N;N;N;N;Y;Y;Y;N;N;
35;Pilot;unpub;Y;1;;;;N/A;Mturk;;;0;Informal;;1;Yes;Yes;;;;4.64;;;;;;;;1;94;n/a;;;;;;< .04;Between;;;N;2;N;N;N;Y;N;N;N;N;Y;N;N;N;N;N;N;Y;N;N;N;
36;1;2014;Y;5;105;28;0;Plos One;Chemnitz University of Technology ;50.81412;161;2;Google Scholar citing W&B;;1;Yes;Yes;;Low vs high temp;;0.52;;;-0.69991;;;;;1;85.292;44;44;;;;;;Between;;;Y;2;Y;N;N;N;N;N;N;N;N;N;Y;N;N;Y;N;N;N;N;Y;
36;1;2014;Y;6;105;28;0;Plos One;Chemnitz University of Technology ;50.81412;161;2;Google Scholar citing W&B;;1;Yes;Yes;;Low vs high temp;;0.58;;;1.1501;;;;;1;85.298;44;44;;;;;;Between;;;Y;2;Y;N;N;N;N;N;N;N;N;N;Y;N;N;Y;N;N;N;N;Y;
36;1;2014;Y;4;105;28;0;Plos One;Chemnitz University of Technology ;50.81412;161;2;Google Scholar citing W&B;;1;Yes;Yes;;Low vs high temp;;2.79;;;-2.322;;;;;1;83.118;44;44;;;;;;Between;;;Y;2;Y;N;N;N;N;N;N;N;N;N;Y;N;N;Y;N;N;N;N;N;
36;1;2014;Y;3;105;28;0;Plos One;Chemnitz University of Technology ;50.81412;161;2;Google Scholar citing W&B;;1;Yes;Yes;;Low vs high temp;;3.66;;;2.2265;;;;;1;83.17;44;44;;;;;;Between;;;Y;2;Y;N;N;N;N;N;N;N;N;N;Y;N;N;Y;N;N;N;N;N;
36;1;2014;Y;2;105;28;0;Plos One;Chemnitz University of Technology ;50.81412;161;2;Google Scholar citing W&B;;1;Yes;Yes;;Low vs high temp;;4.54;;;2.851;;;;;1;84.361;44;44;;;;;;Between;;;Y;2;Y;N;N;N;N;N;N;N;N;N;Y;N;N;Y;N;N;N;N;N;
36;1;2014;Y;1;105;28;0;Plos One;Chemnitz University of Technology ;50.81412;161;2;Google Scholar citing W&B;;1;Yes;Yes;88;Low vs high temp;;8.38;;;3.8018;;;;;1;82.232;44;44;;;;;< .001;Between;;;Y;2;Y;N;N;N;N;N;N;N;N;N;Y;N;N;Y;N;N;N;N;N;
37;American Bath;2014;N;1;101;106;0;Emotion;Mturk;;56;3;Web of Science;N for df;1;Yes;Yes;206;;;;;;;0.136;;;;;201;Continuous scale;;;;;;0.055;Correlation;;;Y;1;N;N;N;N;N;N;N;N;N;Y;N;N;N;N;Y;N;N;N;N;
37;American Shower;2014;N;2;101;106;0;Emotion;Mturk;;56;3;Web of Science;N for df;1;Yes;Yes;;;;;;;;0.158;;;;;206;Continuous scale;;;;;;0.023;Correlation;;;Y;1;N;N;N;N;N;N;N;N;N;Y;N;N;N;N;Y;N;N;N;N;
37;Asian Bath;2014;N;1;82;117;0;Emotion;Mturk;;56;3;Web of Science;N for df;1;Yes;Yes;199;;;;;;;0.13;;;;;198;Continuous scale;;;;;;0.067;Correlation;;;Y;1;N;N;N;N;N;N;N;N;N;Y;N;N;N;N;Y;N;N;N;N;
37;Asian Shower;2014;N;2;82;117;0;Emotion;Mturk;;56;3;Web of Science;N for df;1;Yes;Yes;;;;;;;;0.141;;;;;198;Continuous scale;;;;;;0.048;Correlation;;;Y;1;N;N;N;N;N;N;N;N;N;Y;N;N;N;N;Y;N;N;N;N;
37;Israeli Bath;2014;N;1;95;54;0;Emotion;Ben Gurion University;31.2573;56;3;Web of Science;N for df;-1;Yes;Yes;148;;;;;;;-0.075;;;;;91;Continuous scale;;;;;;0.48;Correlation;;;Y;1;N;N;N;N;N;N;N;N;N;Y;N;N;N;N;Y;N;N;N;N;
37;Israeli Shower;2014;N;2;95;54;0;Emotion;Ben Gurion University;31.2573;56;3;Web of Science;N for df;1;Yes;Yes;;;;;;;;0.18;;;;;148;Continuous scale;;;;;;0.029;Correlation;;;Y;1;N;N;N;N;N;N;N;N;N;Y;N;N;N;N;Y;N;N;N;N;
38;1;2014;Y;1;26;33;0;Acta Psychologica;Abcoude (school);52.272071;37;2;Google Scholar citing W&B;;1;Yes;Yes;59;;;3.91;;;;;;;;1;58;30;29;;;;;0.053;Between;;;Y;2;Y;N;N;N;N;N;N;N;N;N;N;N;N;N;N;Y;N;N;N;
38;2;2014;Y;2;45;15;0;Acta Psychologica;Singapore Management University;1.29686;37;2;Google Scholar citing W&B;"Interaction effect attenuates; interaction p included (note: this was not really a predicted effect, but included it anyways, as it showed a comparable pattern) ";1;Yes;No;;interaction;;2.99;;;;;;;;1;58;33;27;;;;;0.09;Mixed Model;;;Y;2;Y;N;N;N;N;N;N;Y;N;N;N;N;N;N;N;Y;N;N;N;
38;2;2014;Y;1;45;15;;Acta Psychologica;Singapore Management University;1.29686;37;2;Google Scholar citing W&B;"Interaction effect attenuates; interaction p included";1;Yes;No;60;interaction;;10.91;;;;;;;;1;58;33;27;;;;;< .01;Mixed Model;;;Y;2;Y;N;N;N;N;N;N;Y;N;N;N;N;N;N;N;Y;N;N;N;
38;3;2014;Y;4;36;20;;Acta Psychologica;Vrije Universiteit Amsterdam;52.334984;37;2;Google Scholar citing W&B;;1;Yes;No;;Interaction;;0.002;;;;;;;;1;54;23;33;;;;;0.968;Between;;;Y;2;Y;N;N;N;N;N;N;N;N;N;N;N;N;N;N;Y;N;N;Y;
38;3;2014;Y;5;36;20;;Acta Psychologica;Vrije Universiteit Amsterdam;52.334984;37;2;Google Scholar citing W&B;;1;Yes;No;;Interaction;;0.01;;;;;;;;1;54;23;33;;;;;0.923;Between;;;Y;2;Y;N;N;N;N;N;N;N;N;N;N;N;N;N;N;Y;N;N;Y;
38;3;2014;Y;3;36;20;;Acta Psychologica;Vrije Universiteit Amsterdam;52.334984;37;2;Google Scholar citing W&B;;1;Yes;No;;Interaction;;2.27;;;;;;;;1;54;23;33;;;;;0.137;Between;;;Y;2;Y;N;N;N;N;N;N;N;N;N;N;N;N;N;N;Y;N;N;Y;
38;3;2014;Y;1;36;20;;Acta Psychologica;Vrije Universiteit Amsterdam;52.334984;37;2;Google Scholar citing W&B;;1;Yes;No;56;Interaction;;6.45;;;;;;;;1;54;23;33;;;;;0.01;Between;;;Y;2;Y;N;N;N;N;N;N;N;N;N;N;N;N;N;N;Y;N;N;N;
38;3;2014;Y;2;36;20;;Acta Psychologica;Vrije Universiteit Amsterdam;52.334984;37;2;Google Scholar citing W&B;;1;Yes;No;;Interaction;;7.03;;;;;;;;1;54;23;33;;;;;0.01;Between;;;Y;2;Y;N;N;N;N;N;N;N;N;N;N;N;N;N;N;Y;N;N;N;
38;4;2014;Y;2;52;49;;Acta Psychologica;Utrecht University;52.090242;37;2;Google Scholar citing W&B;;1;Yes;Yes;;;;2.84;;;;;;;;1;97;49;52;;;;;0.095;Between;;;Y;2;Y;N;N;N;N;N;N;N;N;Y;N;N;N;N;N;Y;N;N;N;
38;4;2014;Y;1;52;49;;Acta Psychologica;Utrecht University;52.090242;37;2;Google Scholar citing W&B;;1;Yes;Yes;101;;;4.04;;;;;;;;1;97;49;52;;;;;0.05;Between;;;Y;2;Y;N;N;N;N;N;N;N;N;N;N;N;N;N;N;Y;N;N;N;
39;1;2011;Y;2;;;;Social Cognitive and Affective Neuroscience;Yale University;41.306519;48;91;Informal;;1;Yes;Yes;;;;3.84;;;;;;;;1;28;15;15;;;;;0.06;Between;;;Y;2;Y;N;N;N;N;N;N;N;N;Y;N;N;N;N;N;N;Y;N;Y;
39;1;2011;Y;1;;;;Social Cognitive and Affective Neuroscience;Yale University;41.306519;48;91;Informal;;1;Yes;Yes;30;;;10.52;;;;;;;;1;28;15;15;;;;;0.003;Between;;;Y;2;Y;N;N;N;N;N;N;N;N;Y;N;N;N;N;N;N;Y;N;N;
39;2;2011;;1;;;;Social Cognitive and Affective Neuroscience;Yale University;41.306519;48;91;Informal;;1;Yes;Yes;16;;;;;;2.41;;;;;;15;Not between subjects;;;;;;< .05;Within;;;Y;2;Y;N;N;N;N;N;N;N;N;Y;N;N;N;N;N;N;Y;Y;N;
39;2;2011;Y;2;;;;Social Cognitive and Affective Neuroscience;Yale University;41.306519;48;91;Informal;;1;Yes;Yes;16;;;;;;0.2;;;;;;15;Not between subjects;;;;;;0.84;Within;;;Y;2;Y;N;N;N;N;N;N;N;N;Y;N;N;N;N;N;N;Y;Y;N;
40;1;2014;Y;1;56;72;0;Plos One;Tilburg University;51.562787;161;8;Web of Science;;1;Yes;Yes;128;;;;;;3.84;;;;;;125;66;62;;;;;< .01;Between;;;Y;2;Y;N;N;N;N;N;N;N;N;N;N;N;N;N;N;Y;N;N;N;
41;;;;;;;;;;;;;;Excluded (relevance);;No;No;;;;;;;;;;;;;;;;;;;;;;;;;;;;;;;;;;;;;;;;;;;;;
42;Kenyon;2014;Y;1;162;144;0;Social Psychology;Kenyon College;40.371896;21;17;Web of Science;OPPOSITE RESULT!;-1;Yes;Yes;306;;;;;;;;4;;;1;;n/a;;;;;;0.045;Between;;;Y;2;Y;N;N;N;N;N;N;N;N;Y;N;N;N;N;N;N;N;N;N;
42;Manchester;2014;Y;1;157;148;0;Social Psychology;University of Manchester;53.469682;21;17;Web of Science;opposite result;-1;Yes;Yes;250;;;;;;;;1.1;;;1;;n/a;;;;;;0.295;Between;;;Y;2;Y;N;N;N;N;N;N;N;N;Y;N;N;N;N;N;N;N;N;N;
42;MSU;2014;Y;1;147;103;0;Social Psychology;Michigan State University;42.721106;21;17;Web of Science;;-1;Yes;Yes;305;;;;;;;;0.039;;;1;;n/a;;;;;;0.842;Between;;;Y;2;Y;N;N;N;N;N;N;N;N;Y;N;N;N;N;N;N;N;N;N;
43;2;2013;Y;3;43;22;0;Journal of Retailing;Freie Universita_t Berlin;52.452526;32;13;Google Scholar citing W&B;;1;Yes;Yes;;;;0.001;;;;;;;;1;69;34;37;;;;;0.975;Between;;;Y;2;Y;N;N;N;N;N;N;N;N;N;Y;N;N;N;N;N;Y;N;Y;
43;2;2013;Y;1;43;22;0;Journal of Retailing;Freie Universita_t Berlin;52.452526;32;13;Google Scholar citing W&B;;1;Yes;Yes;75;;;4.6;;;;;;;;1;68;38;37;;;;;< .05;Between;;;Y;2;Y;N;N;N;N;N;N;N;N;N;Y;N;N;N;N;N;Y;N;N;
43;2;2013;Y;2;43;22;0;Journal of Retailing;Freie Universita_t Berlin;52.452526;32;13;Google Scholar citing W&B;;1;Yes;Yes;;;;10.07;;;;;;;;1;68;38;37;;;;;< .01;Between;;;Y;2;Y;N;N;N;N;N;N;N;N;N;Y;N;N;N;N;N;Y;N;N;
44;1;2013;Y;1;13;7;0;Psychological Science;University of California Los Angeles;34.070264;84;39;Web of Science;;1;Yes;Yes;20;;;;;;3.34;;;;;;18;Not between subjects;;;;;;< .01;Within;;;Y;2;Y;N;N;N;N;N;N;N;N;Y;N;N;N;N;N;N;N;Y;N;
44;1;2013;Y;2;13;7;0;Psychological Science;University of California Los Angeles;34.070264;84;39;Web of Science;Result pertains to differences in neural activity;1;Yes;No;;;;;;;4.78;;;;;;17;Not between subjects;;;;;;;Within;;;Y;2;Y;N;N;N;N;N;N;N;N;Y;N;N;N;N;N;N;N;Y;N;
44;1;2013;Y;4;13;7;0;Psychological Science;University of California Los Angeles;34.070264;84;39;Web of Science;Result pertains to differences in neural activity;1;Yes;No;;;;;;;4.75;;;;;;17;Not between subjects;;;;;;;Within;;;Y;2;Y;N;N;N;N;N;N;N;N;Y;N;N;N;N;N;N;N;Y;N;
44;1;2013;Y;3;13;7;0;Psychological Science;University of California Los Angeles;34.070264;84;39;Web of Science;Result pertains to differences in neural activity;1;Yes;No;;;;;;;4.58;;;;;;17;Not between subjects;;;;;;;Within;;;Y;2;Y;N;N;N;N;N;N;N;N;Y;N;N;N;N;N;N;N;Y;N;
45;1;2014;Y;1;21;15;0;Language and Cognition;Berlin;52.520007;;1;Informal;did not include interactions (were really main effects only);1;Yes;Yes;36;;;4.68;;;;;;;;1;32;18;18;;;;;0.038;Between;;;Y;2;Y;N;N;N;N;N;N;N;N;N;Y;N;N;N;N;N;N;N;N;
45;2;2014;Y;1;32;6;0;Language and Cognition;Princeton University;40.346717;;1;Informal;did not include interactions (were really main effects only);1;Yes;Yes;38;;;2.78;;;;;;;;1;34;18;18;;;;;0.105;Between;;;Y;2;Y;N;N;N;N;N;N;N;N;N;Y;N;N;N;N;N;N;N;N;
45;3;2014;Y;1;24;18;0;Language and Cognition;Berlin Area;52.520007;;1;Informal;did not include interactions (were really main effects only);1;Yes;Yes;42;(interaction?);;7.7;;;;;;;;1;38;24;24;;;;;0.009;Between;;;Y;2;Y;N;N;N;N;N;N;N;N;N;Y;N;N;N;N;N;N;N;N;
46;1;2014;Y;1;47;43;0;Psychology Journal;Bishop's University;45.361618;;0;Google Scholar citing W&B;Pooled over 3 modalities (but main effect was only real effect);1;Yes;Yes;90;;;4.44;;;;;;;;1;88;45;45;(aggregating 3 hot and 3 cold conditions with n = 15 in each);;;;0.038;Between;;;Y;1;Y;Y;N;N;N;N;N;N;N;Y;N;N;N;N;N;N;N;N;N;
47;1;2010;Y;1;36;14;0;Journal of Experimental Social Psychology;Utrecht University;52.090242;50;116;Web of Science;;1;Yes;Yes;50;;;4.25;;;;;;;;1;48;26;;24;;;;0.045;Between;;;Y;2;N;N;N;Y;N;N;N;N;N;Y;N;N;N;N;N;N;N;N;N;
47;2;2010;Y;1;63;20;0;Journal of Experimental Social Psychology;Utrecht University;52.090242;50;116;Web of Science;;1;Yes;Yes;49;;;3.95;;;;;;;;1;48;26;;57;;;;0.052;Between;;;Y;2;N;N;N;Y;N;N;N;N;N;Y;N;N;N;N;N;N;N;N;N;
47;3;2010;Y;1;47;23;0;Journal of Experimental Social Psychology;Utrecht University;52.090242;50;116;Web of Science;;1;Yes;Yes;70;;;4.53;;;;;;;;1;68;36;;34;;;;0.037;Between;;;Y;2;N;N;N;Y;N;N;N;N;N;Y;N;N;N;N;N;N;N;N;N;
47;4;2010;Y;1;29;7;0;Journal of Experimental Social Psychology;Utrecht University;52.090242;50;116;Web of Science;;1;Yes;Yes;36;interaction;;;;;2.46;;;;;;34;;17;19;;;;0.019;Between;;;Y;2;N;N;N;Y;N;N;N;N;N;Y;N;N;N;N;N;N;N;N;N;
48;1;2015;Y;1;25;29;0;British Journal of Social Psychology;Peking University?;39.986714;30;0;PsycInfo;;1;Yes;Yes;54;interaction;;;;;2.46;;;;;;52;n/a;;;;;;0.017;Between;;;Y;1;Y;N;N;N;N;N;N;N;N;Y;N;N;N;Y;N;N;N;N;N;
48;2;2015;Y;1a;32;28;0;British Journal of Social Psychology;Peking University?;39.986714;30;0;PsycInfo;interaction effect, reversal, both ps included (reversed sign - was predicted);1;Yes;No;60;interaction;;;;;2.48;;;;;;28;n/a;;;;;;0.019;Between;;;Y;1;Y;N;N;N;N;N;N;Y;N;Y;Y;N;N;N;Y;N;N;N;N;
48;2;2015;Y;1b;32;28;0;British Journal of Social Psychology;Peking University?;39.986714;30;0;PsycInfo;interaction effect, reversal, both ps included ;1;Yes;No;;interaction;;;;;2.13;;;;;;28;n/a;;;;;;0.042;Between;;;Y;2;Y;N;N;N;N;N;N;Y;N;Y;Y;N;N;N;N;N;N;N;N;
48;3;2015;Y;1a;96;54;0;British Journal of Social Psychology;Peking University?;39.986714;30;0;PsycInfo;interaction effect, reversal, four ps included (three levels, room temperature included);1;Yes;No;150;interaction;;;;;2.37;;;;;;48;n/a;;;;;;0.022;Between;;;Y;1;Y;N;N;N;N;N;N;Y;N;Y;Y;N;N;N;Y;N;N;N;N;
48;3;2015;Y;1d;96;54;0;British Journal of Social Psychology;Peking University?;39.986714;30;0;PsycInfo;interaction effect, reversal, four ps included (three levels, room temperature included);1;Yes;No;;interaction;;;;;3.03;;;;;;48;n/a;;;;;;0.004;Between;;;Y;2;Y;N;N;N;N;N;N;Y;N;Y;Y;N;N;N;N;N;N;N;N;
48;3;2015;Y;1b;96;54;0;British Journal of Social Psychology;Peking University?;39.986714;30;0;PsycInfo;"interaction effect, reversal, four ps included (three levels, room temperature included; reversed sign)";1;Yes;No;;interaction;;;;;2.56;;;;;;48;n/a;;;;;;0.013;Between;;;Y;1;Y;N;N;N;N;N;N;Y;N;Y;Y;N;N;N;Y;N;N;N;N;
48;3;2015;Y;1c;96;54;0;British Journal of Social Psychology;Peking University?;39.986714;30;0;PsycInfo;"interaction effect, reversal, four ps included (three levels, room temperature included; reversed sign)";1;Yes;No;;interaction;;;;;2.07;;;;;;48;n/a;;;;;;0.044;Between;;;Y;2;Y;N;N;N;N;N;N;Y;N;Y;Y;N;N;N;N;N;N;N;N;
49;1;unpub;Y;2;39;6;0;N/A;Columbia University;40.807981;;0;Google Scholar citing W&B;"Repeated Measures (no effect at all; only interaction value included)";1;Yes;No;;interaction;;0.84;;;;;;;;2;42;n/a;;;;;;0.44;Between;;;N;2;N;N;N;N;N;N;Y;Y;Y;N;N;N;N;N;N;N;N;N;N;
49;1;unpub;Y;1;39;6;0;N/A;Columbia University;40.807981;;0;Google Scholar citing W&B;"Repeated Measures (no effect at all; only interaction value included)";1;Yes;No;45;interaction;;1.78;;;;;;;;2;42;n/a;;;;;;0.18;Between;;;N;2;N;N;N;Y;N;N;N;Y;Y;N;N;N;N;N;N;N;N;N;N;
50;;2012;;;;;;;;;;;;Excluded (relevance);;No;No;;;;;;;;;;;;;;;;;;;;;;;;;;;;;;;;;;;;;;;;;;;;;
51;1;2015;Y;1;32;8;0;Social Psychological and Personality Science;University of Basel;47.558613;39;0;Web of Science;ANCOVA - regarded as covariate-adjusted one-way effect (original df1 = 3);1;Yes;Yes;40;;;8.36;;;;;;;;1;36;;20;20;;;;0.006;Between;;;Y;2;N;N;N;Y;N;N;N;N;N;N;N;N;N;N;N;N;Y;N;N;
51;2;2015;Y;1;46;16;0;Social Psychological and Personality Science;University of Basel;47.558613;39;0;Web of Science;ANCOVA - regarded as covariate-adjusted one-way effect (original df1 = 4);1;Yes;Yes;62;;;5.12;;;;;;;;1;57;;30;30;;;;0.028;Between;;;Y;2;N;N;N;Y;N;N;N;N;N;N;N;N;N;N;N;N;Y;N;N;
52;1;unpub;Y;1;;;;N/A;large Korean University? (emailed, could not find author);;;0;Google Scholar citing W&B;;1;Yes;Yes;52;;;;;;2.2;;;;;;50;n/a;;;;;;< .05;Between;;;Y;2;N;Y;N;N;N;N;N;N;N;N;N;N;N;N;N;N;Y;N;N;
52;1;unpub;Y;2;;;;N/A;large Korean University? (emailed, could not find author);;;0;Google Scholar citing W&B;;1;Yes;Yes;;;;;;;1.12;;;;;;50;n/a;;;;;;> .20;Between;;;N;2;N;Y;N;N;N;N;N;N;N;N;N;N;N;N;N;N;Y;N;N;
52;2;unpub;Y;1;;;;N/A;University of Toronto;43.660739;;0;Google Scholar citing W&B;;1;Yes;Yes;64;;;;;;;;5.07;;;1;;n/a;;;;;;< .05;Between;;;N;2;N;Y;N;N;N;N;N;N;N;N;N;N;N;N;Y;N;Y;N;N;
52;2;unpub;Y;2;;;;N/A;University of Toronto;43.660739;;0;Google Scholar citing W&B;;1;Yes;Yes;32;;;;;;;;3.69;;;1;;n/a;;;;;;0.055;Between;;;N;2;N;Y;N;N;N;N;N;N;N;N;N;N;N;N;Y;N;Y;N;N;
52;2;unpub;Y;3;;;;N/A;University of Toronto;43.660739;;0;Google Scholar citing W&B;;1;Yes;Yes;;;;;;;2.47;;;;;;62;n/a;;;;;;< .05;Between;;;N;2;N;Y;N;N;N;N;N;N;N;N;N;N;N;N;N;N;Y;N;N;
52;2;unpub;Y;4;;;;N/A;University of Toronto;43.660739;;0;Google Scholar citing W&B;;1;Yes;Yes;;;;;;;2.34;;;;;;62;n/a;;;;;;< .05;Between;;;N;2;N;Y;N;N;N;N;N;N;N;N;N;N;N;N;N;N;Y;N;N;
52;2;unpub;Y;5;;;;N/A;University of Toronto;43.660739;;0;Google Scholar citing W&B;;1;Yes;Yes;;;;;;;0.86;;;;;;62;n/a;;;;;;> .30;Between;;;N;2;N;Y;N;N;N;N;N;N;N;N;N;N;N;N;N;N;Y;N;N;
52;2;unpub;Y;6;;;;N/A;University of Toronto;43.660739;;0;Google Scholar citing W&B;;1;Yes;Yes;;;;;;;0.69;;;;;;62;n/a;;;;;;> .40;Between;;;N;2;N;Y;N;N;N;N;N;N;N;N;N;N;N;N;N;N;Y;N;Y;
52;3;unpub;Y;1;;;;N/A;University of Toronto;43.660739;;0;Google Scholar citing W&B;;1;Yes;Yes;163;took hot vs. cold;;;;;;;7.04;;;1;;n/a;;;;;;< .01;Between;;;N;2;Y;N;N;N;N;N;N;N;N;N;N;N;N;N;N;Y;N;N;N;
52;3;unpub;Y;2;;;;N/A;University of Toronto;43.660739;;0;Google Scholar citing W&B;;1;Yes;Yes;40;took hot vs. cold;;;;;;;4.01;;;1;;;;;;;;< .05;Between;;;N;2;Y;N;N;N;N;N;N;N;N;N;N;N;N;N;N;Y;N;N;N;
52;4;unpub;Y;4;;;;N/A;University of Toronto;43.660739;;0;Google Scholar citing W&B;presumed 52 per temp condition;1;Yes;Yes;;took hot vs. cold;;1.29;;;;;;;;1;156;n/a;;;;;;0.26;Between;;;N;2;N;Y;N;N;N;N;N;N;N;N;N;N;N;N;N;N;Y;N;Y;
52;4;unpub;Y;3;;;;N/A;University of Toronto;43.660739;;0;Google Scholar citing W&B;;1;Yes;Yes;162;;;;;;;;6.84;;;5;;n/a;;;;;;> .20;Between;;;N;2;N;Y;N;N;N;N;N;N;N;N;N;N;N;N;N;N;Y;N;N;
52;Field Study 1;unpub;Y;1;;;;N/A;Spa in Seoul, Korea;37.5665;;0;Google Scholar citing W&B;;1;Yes;Yes;52;;;;;;5.23;;;;;;42;n/a;;;;;;< .001;Between;;;N;2;Y;N;N;N;N;N;N;N;N;N;N;N;N;N;N;N;Y;N;N;
52;Field Study 1;unpub;N;2;;;;N/A;Spa in Seoul, Korea;37.5665;;0;Google Scholar citing W&B;;1;Yes;Yes;;;;;;;5.53;;;;;;42;n/a;;;;;;< .001;Between;;;N;2;Y;N;N;N;N;N;N;N;N;N;N;N;N;N;N;N;Y;N;N;
52;Field Study 1;unpub;N;3;;;;N/A;Spa in Seoul, Korea;37.5665;;0;Google Scholar citing W&B;;1;Yes;Yes;;;;;;;2.55;;;;;;42;n/a;;;;;;< .05;Between;;;N;2;Y;N;N;N;N;N;N;N;N;N;N;N;N;N;N;N;Y;N;N;
52;Field Study 2;unpub;N;2;;;;N/A;Spa in Seoul, Korea;37.5665;;0;Google Scholar citing W&B;presumed 30 per condition;1;Yes;Yes;;took hot vs. cold;;160.52;;;;;;;;1;58;n/a;;;;;;<.0001;Between;;;N;2;Y;N;N;N;N;N;N;N;N;N;N;N;N;N;N;N;Y;N;N;
52;Field Study 2;unpub;Y;1;;;;N/A;Spa in Seoul, Korea;37.5665;;0;Google Scholar citing W&B;;1;Yes;Yes;90;;;;;;;;8.51;;;2;;n/a;;;;;;< .05;Between;;;N;2;Y;N;N;N;N;N;N;N;N;N;N;N;N;N;N;N;Y;N;N;
53;1;2012;Y;1;60;9;0;Ergonomics;Chemnitz University of Technology?;50.81412;28;23;Google Scholar citing W&B;recoded sign of effect (predicted direction);1;Yes;Yes;69;;;;;;2.09;;;;;;61;33;36;;;;;0.04;Between;;;Y;1;Y;N;N;N;N;N;N;N;N;Y;N;N;N;N;N;N;N;N;N;
53;1;2012;Y;3;60;9;0;Ergonomics;Chemnitz University of Technology?;50.81412;28;23;Google Scholar citing W&B;recoded sign of effect (predicted direction);1;Yes;Yes;;;;;;;2.55;;;;;;61;33;36;;;;;0.013;Between;;;Y;1;Y;N;N;N;N;N;N;N;N;Y;N;N;N;N;N;N;Y;N;N;
53;1;2012;Y;4;60;9;0;Ergonomics;Chemnitz University of Technology?;50.81412;28;23;Google Scholar citing W&B;;1;Yes;Yes;;;;;;;2.06;;;;;;61;33;36;;;;;0.044;Between;;;Y;1;Y;N;N;N;N;N;N;N;N;Y;N;N;N;N;N;N;Y;N;N;
53;1;2012;Y;2;60;9;0;Ergonomics;Chemnitz University of Technology?;50.81412;28;23;Google Scholar citing W&B;recoded sign of effect (predicted direction);1;Yes;Yes;;;;;;;2.02;;;;;;61;33;36;;;;;0.047;Between;;;Y;1;Y;N;N;N;N;N;N;N;N;Y;N;N;N;N;N;N;Y;N;N;
53;1;2012;Y;6;60;9;0;Ergonomics;Chemnitz University of Technology?;50.81412;28;23;Google Scholar citing W&B;;1;Yes;Yes;;;;;;;0.14;;;;;;61;33;36;;;;;;Between;;;;;;;;;;;;;;;;;;;;;;;;
53;1;2012;Y;5;60;9;0;Ergonomics;Chemnitz University of Technology?;50.81412;28;23;Google Scholar citing W&B;"Interaction effect attenuates; interaction p included";1;Yes;No;;interaction effect;;;;;2.04;;;;;;59;33;36;;;;;0.046;Between;;;Y;1;Y;N;N;N;N;N;N;Y;N;Y;N;N;N;N;N;N;Y;N;N;
53;2;2012;Y;1;61;65;0;Ergonomics;Online business platform;;28;23;Google Scholar citing W&B;Three levels - I included only difference between cold and warm condition;1;Yes;Yes;126;cold vs. warm;;;;;3.42;;;;;;62.58;39;43;44;;;;0.001;Between;;;Y;1;Y;N;N;N;N;N;N;Y;N;Y;N;N;N;N;N;N;Y;N;N;
54;1;2013;Y;1;48;12;0;Evolutionary Psychology;Bath Spa University;51.3759;22;3;Web of Science;;1;Yes;Yes;60;;;8.54;;;;;;;;1;28;15;15;;;;;0.007;Between;;;Y;2;Y;N;N;N;N;N;N;N;N;Y;N;N;N;N;N;N;Y;N;N;
55;1;2014;Y;1;;;;;;;;;;"Excluded (relevance; first study has words related to warmth, and see if this relates to positivity. Second study then warms up with the same participants. Study is not cleanly done to look at unique relation between warmth and positivity)";;No;No;;;;;;;;;;;;;;;;;;;;;;;;;;;;;;;;;;;;;;;;;;;;;
55;2;2014;Y;1;;;;;;;;;;"Excluded (relevance; first study has words related to warmth, and see if this relates to positivity. Second study then warms up with the same participants. Study is not cleanly done to look at unique relation between warmth and positivity)";;No;No;;;;;;;;;;;;;;;;;;;;;;;;;;;;;;;;;;;;;;;;;;;;;
56;2;2012;Y;1;38;37;;Emotion;Yale University;41.306519;56;131;Web of Science;presumed 25 per condition;1;Yes;Yes;75;cold vs. warm;;4.65;;;;;;;;1;48;;;;;;;0.036;Between;;;Y;2;Y;N;N;N;N;N;N;N;N;Y;N;N;N;N;N;N;N;N;N;Some p values need to be checked in interactions. Only half sample has been taken (better is likely to do parameter estimates)
56;3;2012;Y;2;88;88;;Emotion;Yale University;41.306519;56;131;Web of Science;"Interaction effect attenuates; interaction p included";1;Yes;No;;interaction;;2.79;;;;;;;;4;175;88;88;;;;;< .05;Between;;;Y;3;Y;N;N;N;N;N;N;Y;N;Y;N;N;N;N;Y;N;N;N;N;
56;3;2012;Y;1;88;88;;Emotion;Yale University;41.306519;56;131;Web of Science;"Interaction effect attenuates; interaction p included";1;Yes;No;176;interaction;;3.22;;;;;;;;4;175;88;88;;;;;< .01;Between;;;Y;3;Y;N;N;N;N;N;N;Y;N;Y;N;N;N;N;Y;N;N;N;N;
56;4;2012;Y;1;32;28;;Emotion;Yale University;41.306519;56;131;Web of Science;Left out the conscious awareness variable (null expected);;No;No;60;;;;;;;;;;;;;n/a;;;;;;;;;;;;;;;;;;;;;;;;;;;;;;;
56;1a;2012;N;1;26;25;;Emotion;Yale University;41.306519;56;131;Web of Science;;1;Yes;Yes;51;;;;;;;0.57;;;;;49;Continuous scale;;;;;;0.0001;Correlation;;;Y;1;N;N;N;N;N;N;N;N;N;Y;N;N;N;N;Y;N;N;N;N;
56;1b;2012;N;1;16;25;;Emotion;Yale University;41.306519;56;131;Web of Science;;1;Yes;Yes;41;;;;;;;0.37;;;;;39;Continuous scale;;;;;;0.017;Correlation;;;Y;1;N;N;N;N;N;N;N;N;N;Y;N;N;N;N;Y;N;N;N;N;
57;1;2013;N;1;;;;Journal of Consumer Psychology;Online Shopping Portal;;35;11;Web of Science;Nonlinear Effect;1;Yes;Yes;6346239;HAVE DATA;;;;6.486;8.362;;;0.026;;;6346237;Continuous scale;;;;;;<.001;Continuous;;;Y;2;N;N;Y;N;N;N;N;N;N;N;N;N;N;N;N;N;Y;N;N;
57;3;2013;Y;1;26;38;0;Journal of Consumer Psychology;The Hebrew University of Jerusalem;31.797243;35;11;Web of Science;;1;Yes;Yes;63;taking bivariate correlation temperature - affective reaction;;;;;;0.389;;;;;61;31;32;;;;;0.029;Between;;;Y;2;Y;N;N;N;N;N;N;N;N;N;N;N;N;N;N;N;Y;N;N;
57;3;2013;Y;2;26;38;0;Journal of Consumer Psychology;Israel (online shopping portal);;35;11;Web of Science;"The paper speaks about positive affect. I did not code this as positive affect, as the emotions associated with the pen were words like ""moved"" ""enthousiastic"" and so forth, which seems to suggest some kind of feelings of connection with the product. ";1;Yes;Yes;;HAVE DATA;;;;;;;;0.79;;;61;31;32;;;;;0.002;Between;;;Y;2;Y;N;N;N;N;N;N;N;N;Y;N;N;N;N;N;N;Y;N;N;
57;4;2013;Y;1;37;34;0;Journal of Consumer Psychology;The Hebrew University of Jerusalem;31.797243;35;11;Web of Science;;1;Yes;Yes;66;;;;;;2.19;;;;;;64;32;34;;;;;0.033;Between;;;Y;2;Y;N;N;N;N;N;N;N;N;N;N;N;N;N;N;N;Y;N;N;
57;4;2013;Y;2;37;34;0;Journal of Consumer Psychology;The Hebrew University of Jerusalem;31.797243;35;11;Web of Science;recoded sign of effect (predicted direction);1;Yes;Yes;;;;;;;2.36;;;;;;64;32;34;;;;;0.021;Between;;;Y;2;Y;N;N;N;N;N;N;N;N;Y;N;N;N;N;N;N;Y;N;N;
57;2a;2013;Y;1;19;27;0;Journal of Consumer Psychology;The Hebrew University of Jerusalem;31.797243;35;11;Web of Science;;1;Yes;Yes;46;;;;;;3.39;;;;;;44;24;22;;;;;<.001;Between;;;Y;2;Y;N;N;N;N;N;N;N;N;N;N;N;N;N;N;N;Y;N;N;
57;2b;2013;Y;1;52;57;0;Journal of Consumer Psychology;The Hebrew University of Jerusalem;31.797243;35;11;Web of Science;;1;Yes;Yes;98;;;;;;2.26;;;;;;96;24;22;;;;;0.03;Between;;;Y;2;Y;N;N;N;N;N;N;N;N;N;N;N;N;N;N;N;Y;N;N;
58;1;2009;Y;1;28;5;0;Psychological Science;Vrije Universiteit Amsterdam;52.334984;84;250;Web of Science;recoded sign of effect (predicted direction);1;Yes;Yes;33;;;;;;2.17;;;;;;32;17;16;;;;;0.0375;Between;;;Y;2;Y;N;N;N;N;N;N;N;N;Y;N;N;N;N;N;Y;N;N;N;
58;2;2009;Y;2;29;23;0;Psychological Science;Utrecht University;52.090242;84;250;Web of Science;;1;Yes;Yes;;;;2.95;;;;;;;;1;48;25;27;;;;;0.0923;Between;;;Y;2;Y;N;N;N;N;N;N;N;N;Y;N;N;N;N;N;Y;N;N;N;
58;2;2009;Y;1;29;23;0;Psychological Science;Utrecht University;52.090242;84;250;Web of Science;;1;Yes;Yes;52;;;;;;2.78;;;;;;51;25;27;;;;;< .01;Between;;;Y;2;Y;N;N;N;N;N;N;N;N;Y;N;N;N;N;N;Y;N;N;N;
58;3;2009;Y;1;17;22;0;Psychological Science;Utrecht University;52.090242;84;250;Web of Science;;1;Yes;Yes;39;;;;;;2.25;;;;;;38;22;17;;;;;0.0303;Between;;;Y;2;Y;N;N;N;N;N;N;N;N;Y;N;N;N;N;N;Y;N;N;N;
58;3;2009;Y;2;17;22;0;Psychological Science;Utrecht University;52.090242;84;250;Web of Science;recoded sign of effect (predicted direction);1;Yes;Yes;;;;;;;3.53;;;;;;38;22;17;;;;;0.0011;Between;;;Y;2;Y;N;N;N;N;N;N;N;N;Y;N;N;N;N;N;Y;N;N;N;
59;;2012;Y;;;;;;;;;;;"Excluded (could not interpret; mixed design with weight)";;No;No;;;;;;;;;;;;;;;;;;;;;;;;;;;;;;;;;;;;;;;;;;;;;
60;2;2012;Y;1;85;55;0;Journal of Consumer Research;Hong Kong University of Science and Technology;22.3364;50;31;Web of Science;"Interaction effect attenuates; interaction p included (changed direction - fit hypo)";1;Yes;No;140;interaction;;;;;;;;0.2;;;136;n/a;;;;;;< .01;Between;;;Y;1;Y;N;N;N;N;N;N;Y;N;N;N;N;N;N;Y;N;N;N;N;
60;3;2012;Y;1;105;86;0;Journal of Consumer Research;Hong Kong University of Science and Technology;22.3364;50;31;Web of Science;"Interaction effect attenuates; interaction p included";1;Yes;No;191;interaction;;4.19;;;;;;;;1;185;n/a;;;;;;< .05;Between;;;Y;3;Y;N;N;N;N;N;N;Y;N;N;N;N;N;N;Y;N;N;N;N;
60;4;2012;N;1;;;;Journal of Consumer Research;US - online move rental data;;50;31;Web of Science;"took model 5 (datapoints rather than df; reversed direction)  - couldn't get standardized ES";1;Yes;Yes;38900;;;;;0.008;;;;;;;38898;Continuous scale;;;;;;< .05;Correlation;;;Y;1;N;N;Y;N;N;N;N;N;N;N;N;N;N;N;Y;N;Y;N;N;
60;4;2012;N;2;;;;Journal of Consumer Research;US - online move rental data;;50;31;Web of Science;"took model 5 (datapoints rather than df; reversed direction)  - couldn't get standardized ES";1;Yes;Yes;38900;;;;;0.0064;;;;;;;38898;Continuous scale;;;;;;< .05;Correlation;;;Y;1;N;N;Y;N;N;N;N;N;N;N;N;N;N;N;Y;N;Y;N;N;
60;1a;2012;Y;1;28;25;0;Journal of Consumer Research;Hong Kong University of Science and Technology;22.3364;50;31;Web of Science;"Interaction effect attenuates; interaction p included";1;Yes;No;53;interaction;;2.36;;;;;;;;3;153;n/a;;;;;;< .08;Between;;;Y;1;Y;N;N;N;N;N;N;Y;N;N;N;N;N;N;Y;N;N;N;N;
60;1a;2012;Y;2;28;25;0;Journal of Consumer Research;Hong Kong University of Science and Technology;22.3364;50;31;Web of Science;NOTE: REVERSE OF WHAT ONE WOULD EXPECT!;1;Yes;No;;;;3.39;;;;;;;;1;51;n/a;;;;;;< .08;Between;;;Y;1;Y;N;N;N;N;N;N;Y;N;N;N;N;N;N;Y;N;N;N;Y;
60;1b;2012;Y;2;30;26;0;Journal of Consumer Research;Hong Kong University of Science and Technology;22.3364;50;31;Web of Science;;1;Yes;Yes;;;;2.75;;;;;;;;1;54;n/a;;;;;;> .10;Between;;;Y;1;Y;N;N;N;N;N;N;Y;N;N;N;N;N;N;Y;N;Y;N;Y;
60;1b;2012;Y;1;30;26;0;Journal of Consumer Research;Hong Kong University of Science and Technology;22.3364;50;31;Web of Science;"Interaction effect attenuates; interaction p included";1;Yes;No;56;interaction;;2.76;;;;;;;;3;162;n/a;;;;;;< .05;Between;;;Y;1;Y;N;N;N;N;N;N;Y;N;N;N;N;N;N;Y;N;Y;N;N;
61;1;2012;Y;1;32;24;0;Psychological Science;Mturk;;84;9;Google Scholar citing W&B;"Interaction effect attenuates; interaction p included (dependent variable is warm food items; included it under subjective warmth; note that predictions of attachment are different than in other papers here)";1;Yes;No;56;interaction;;;2.26;;;;;-0.42;;;49;n/a;;;;;;0.028;Between;;;Y;3;N;N;N;N;Y;N;N;Y;N;N;N;N;N;N;Y;N;N;N;N;
61;2;2012;Y;1;58;54;0;Psychological Science;Mturk;;84;9;Google Scholar citing W&B;"Interaction effect attenuates; interaction p included (attachment predictions different than other papers)";1;Yes;No;112;interaction;;;2.17;;;;;0.25;;;103;n/a;;;;;;0.033;Between;;;Y;2;N;Y;N;N;N;N;N;Y;N;N;N;N;N;N;Y;N;N;N;N;
62;;unpub;Y;;;;;;;;;;;"Excluded (could not interpret; number of errors in p values; doubts about accuracy of paper)";;No;No;;;;;;;;;;;;;;;;;;;;;;;;;;;;;;;;;;;;;;;;;;;;;
63;1;2013;Y;1;46;34;0;Social Psychology;Warsaw School of Social Psychology, Sopot;54.441581;21;29;Web of Science;;1;Yes;Yes;80;;;;;;3.85;;;;;;78;40;40;;;;;< .001;Between;;;Y;2;N;N;N;Y;N;N;N;N;N;N;Y;N;N;N;N;N;N;N;N;
63;2;2013;Y;1;59;36;0;Social Psychology;Warsaw School of Social Psychology, Sopot;54.441581;21;29;Web of Science;"Interaction effect attenuates; interaction p included";1;Yes;No;80;interaction;;18.24;;;;;;;;1;76;20;20;;;;;< .001;Between;;;Y;2;N;N;N;Y;N;N;N;Y;N;N;Y;N;N;N;N;N;N;N;N;
63;3;2013;Y;1;132;28;0;Social Psychology;Warsaw School of Social Psychology, Sopot;54.441581;21;29;Web of Science;most appropriate to include comparison sociability vs. dynamism & competence;1;Yes;Yes;160;took sociability vs. competence;;44.2;;;;;;;;1;78;40;40;40;40;;;<.001;Between;;;Y;2;N;N;N;Y;N;N;N;Y;N;N;Y;N;N;N;N;N;N;N;N;
64;1;2012;Y;1a;60;36;0;Journal of Experimental Social Psychology;Florida State University?;30.440962;50;36;Web of Science;"interaction effect, reversal, both ps included  (N included under df; reversed sign)";1;Yes;No;155;interaction;;;;;;;;0.45;;;116;55;56;;;;;< .01;Between;;;Y;2;Y;N;N;N;N;N;N;Y;N;N;N;N;N;N;N;Y;N;N;N;
64;1;2012;Y;1b;60;36;0;Journal of Experimental Social Psychology;Florida State University?;30.440962;50;36;Web of Science;interaction effect, reversal, both ps included  (N included under df);1;Yes;No;;interaction;;;;;;;;0.38;;;116;55;56;;;;;< .05;Between;;;Y;2;Y;N;N;N;N;N;N;Y;N;N;N;N;N;N;N;Y;N;N;N;
64;1;2012;Y;2a;60;36;0;Journal of Experimental Social Psychology;Florida State University?;30.440962;50;36;Web of Science;"The effect was attenuated; looking at the paper, it seemed as if reversal was expected. I thus include both p values  (N included under df; reversed sign)";1;Yes;No;;interaction;;;;;;;;0.27;;;116;55;56;;;;;0.08;Between;;;Y;2;Y;N;N;N;N;N;N;Y;N;N;N;N;N;N;N;Y;N;N;N;
64;1;2012;Y;2b;60;36;0;Journal of Experimental Social Psychology;Florida State University?;30.440962;50;36;Web of Science;"The effect was attenuated; looking at the paper, it seemed as if reversal was expected. I thus include both p values  (N included under df)";1;Yes;No;;interaction;;;;;;;;0.2;;;116;55;56;;;;;0.18;Between;;;Y;2;Y;N;N;N;N;N;N;Y;N;N;N;N;N;N;N;Y;N;N;N;
64;2;2012;Y;1a;63;13;0;Journal of Experimental Social Psychology;Florida State University?;30.440962;50;36;Web of Science;"The effect was attenuated; looking at the paper, it seemed as if reversal was expected. I thus include both p values  (N included under df)";1;Yes;No;74;interaction;;;;;;;;0.56;;;72;35;39;;;;;< .001;Between;;;Y;2;Y;N;N;N;N;N;N;Y;N;Y;N;N;N;N;N;Y;N;N;N;
64;2;2012;Y;2a;63;13;0;Journal of Experimental Social Psychology;Florida State University?;30.440962;50;36;Web of Science;"The effect was attenuated; looking at the paper, it seemed as if reversal was expected. I thus include both p values  (N included under df)";1;Yes;No;;interaction;;;;;;;;0.57;;;72;35;39;;;;;< .001;Between;;;Y;2;Y;N;N;N;N;N;N;Y;N;Y;N;N;N;N;N;Y;N;N;N;
64;2;2012;Y;3a;63;13;0;Journal of Experimental Social Psychology;Florida State University?;30.440962;50;36;Web of Science;"The effect was attenuated; looking at the paper, it seemed as if reversal was expected. I thus include both p values  (N included under df)";1;Yes;No;;interaction;;;;;;;;0.49;;;72;35;39;;;;;< .01;Between;;;Y;2;Y;N;N;N;N;N;N;Y;N;Y;N;N;N;N;N;Y;N;N;N;
64;2;2012;Y;4a;63;13;0;Journal of Experimental Social Psychology;Florida State University?;30.440962;50;36;Web of Science;"The effect was attenuated; looking at the paper, it seemed as if reversal was expected. I thus include both p values  (N included under df)";1;Yes;No;;interaction;;;;;;;;0.46;;;72;35;39;;;;;< .01;Between;;;Y;2;Y;N;N;N;N;N;N;Y;N;Y;N;N;N;N;N;Y;N;N;N;
64;2;2012;Y;3b;63;13;0;Journal of Experimental Social Psychology;Florida State University?;30.440962;50;36;Web of Science;"The effect was attenuated; looking at the paper, it seemed as if reversal was expected. I thus include both p values  (N included under df; reversed sign)";1;Yes;No;;interaction;;;;;;;;0.38;;;72;35;39;;;;;0.08;Between;;;Y;2;Y;N;N;N;N;N;N;Y;N;Y;N;N;N;N;N;Y;N;N;N;
64;2;2012;Y;4b;63;13;0;Journal of Experimental Social Psychology;Florida State University?;30.440962;50;36;Web of Science;"The effect was attenuated; looking at the paper, it seemed as if reversal was expected. I thus include both p values  (N included under df; reversed sign)";1;Yes;No;;interaction;;;;;;;;0.34;;;72;35;39;;;;;0.11;Between;;;Y;2;Y;N;N;N;N;N;N;Y;N;Y;N;N;N;N;N;Y;N;N;N;
64;2;2012;Y;2b;63;13;0;Journal of Experimental Social Psychology;Florida State University?;30.440962;50;36;Web of Science;"The effect was attenuated; looking at the paper, it seemed as if reversal was expected. I thus include both p values  (N included under df; reversed sign)";1;Yes;No;;interaction;;;;;;;;0.15;;;72;35;39;;;;;0.35;Between;;;Y;2;Y;N;N;N;N;N;N;Y;N;Y;N;N;N;N;N;Y;N;N;N;
64;2;2012;Y;1b;63;13;0;Journal of Experimental Social Psychology;Florida State University?;30.440962;50;36;Web of Science;"The effect was attenuated; looking at the paper, it seemed as if reversal was expected. I thus include both p values  (N included under df; reversed sign)";1;Yes;No;;interaction;;;;;;;;0.14;;;72;35;39;;;;;0.38;Between;;;Y;2;Y;N;N;N;N;N;N;Y;N;Y;N;N;N;N;N;Y;N;N;N;
65;1;2014;Y;1;37;26;0;Journal of Experimental Social Psychology;Florida State University?;30.440962;50;6;Web of Science;"Attenuated threeway interaction; I included the overall threeway interaction variable";1;Yes;No;63;interaction;;;1.99;;;;;0.26;;;54;n/a;;;;;;0.05;Between;;;Y;2;Y;N;N;N;N;N;N;Y;Y;N;N;N;N;N;Y;N;N;N;N;
65;2;2014;Y;1;106;23;0;Journal of Experimental Social Psychology;Florida State University?;30.440962;50;6;Web of Science;"Attenuated threeway interaction; I included the overall threeway interaction variable; did not include affect here - more about heat than slight increase in temperature. ";1;Yes;No;104;interaction;;;2.2;;;;;0.21;;;97;n/a;;;;;;< .05;Between;;;Y;2;Y;N;N;N;N;N;N;Y;Y;Y;N;N;N;N;Y;N;N;N;N;
66;1;2012;Y;1b;24;16;0;Psychological Science;Duke University;35.999226;84;23;Google Scholar citing W&B;interaction effect, reversal, both ps included;1;Yes;No;;interaction;;2.88;;;;;;;;1;35;n/a;;;;;;0.098;Between;;;Y;2;N;N;N;N;Y;N;N;Y;N;Y;N;N;N;N;N;N;N;N;N;
66;1;2012;Y;1a;24;16;0;Psychological Science;Duke University;35.999226;84;23;Google Scholar citing W&B;interaction effect, reversal, both ps included;1;Yes;No;40;interaction;;6.48;;;;;;;;1;35;n/a;;;;;;0.015;Between;;;Y;2;N;N;N;N;Y;N;N;Y;N;Y;N;N;N;N;N;N;N;N;N;
66;2;2012;Y;1b;16;19;0;Psychological Science;Duke University;35.999226;84;23;Google Scholar citing W&B;interaction effect, reversal, both ps included;1;Yes;No;;interaction;;2.87;;;;;;;;1;30;n/a;;;;;;0.1;Between;;;Y;2;N;N;N;Y;N;N;N;Y;N;Y;N;N;N;N;N;N;N;N;N;
66;2;2012;Y;1a;16;19;0;Psychological Science;Duke University;35.999226;84;23;Google Scholar citing W&B;interaction effect, reversal, both ps included;1;Yes;No;35;interaction;;3.34;;;;;;;;1;30;n/a;;;;;;0.078;Between;;;Y;2;N;N;N;Y;N;N;N;Y;N;Y;N;N;N;N;N;N;N;N;N;
66;3;2012;Y;1b;29;23;0;Psychological Science;Duke University;35.999226;84;23;Google Scholar citing W&B;interaction effect, reversal, both ps included;1;Yes;No;;interaction;;2.9;;;;;;;;1;48;n/a;;;;;;0.095;Between;;;Y;2;N;N;N;Y;N;N;N;Y;N;Y;N;Y;N;N;N;N;N;N;N;
66;3;2012;Y;1a;29;23;0;Psychological Science;Duke University;35.999226;84;23;Google Scholar citing W&B;interaction effect, reversal, both ps included;1;Yes;No;52;interaction;;3.02;;;;;;;;1;48;n/a;;;;;;0.089;Between;;;Y;2;N;N;N;Y;N;N;N;Y;N;Y;N;Y;N;N;N;N;N;N;N;
67;1;2015;Y;1;21;10;0;Emotion;University of California Los Angeles;34.070264;56;1;Informal;"Interaction effect attenuates; interaction p included; this includes positive affect, however, it includes positive affect in regards to holding the pack, not about the person. Did not include it for that reason. ";1;Yes;No;31;interaction;;5.03;;;;;;;;1;30;Not between subjects;;;;;;< .05 ;Within;;;Y;2;Y;N;N;N;N;N;N;Y;N;Y;N;N;N;N;N;Y;N;Y;N;
67;1;2015;Y;1;21;10;0;Emotion;University of California Los Angeles;34.070264;56;1;Informal;"main effect included as well (reported separately; given that it replicates earlier work)";1;Yes;Yes;;warm vs. cold comparison;;16.53;;;;;;;;1;30;Not between subjects;;;;;;< .001 ;Within;;;Y;2;Y;N;N;N;N;N;N;N;N;Y;N;N;N;N;N;Y;N;N;N;
68;1;2016;Y;1;;;;Journal of Experimental Social Psychology;Variety of universities;;50;0;Informal;I only included the main effect under lower temperatures;1;Yes;Yes;250;;;;;;2.42;;;;;;249;121;142;;;;;0.02;Between;;;Y;2;N;N;N;Y;N;N;N;Y;N;Y;Y;N;N;N;N;N;N;N;N;
69;1;2014;Y;2;117;63;0;Nature Climate Change;Rijksuniversiteit Groningen;53.22007;78;5;Google Scholar citing W&B;No significant difference (included interaction effect);1;Yes;No;;interaction;;1.833;;;;;;;;3.44;96.42;n/a;;;;;;0.138;Mixed Model;;;Y;2;N;N;N;N;N;N;Y;Y;N;N;N;N;N;Y;N;N;N;N;N;
69;1;2014;Y;1;117;63;0;Nature Climate Change;Rijksuniversiteit Groningen;53.22007;78;5;Google Scholar citing W&B;3 levels of variable;1;Yes;Yes;177;;;5.36;;;;;;;;1;174;n/a;;;;;;0.006;Between;;;;2;N;N;N;Y;N;N;N;N;N;N;N;N;N;Y;N;N;N;N;N;
69;2;2014;Y;2;70;13;0;Nature Climate Change;Rijksuniversiteit Groningen;53.22007;78;5;Google Scholar citing W&B;No significant difference (included interaction effect);1;Yes;No;;interaction;;0.483;;;;;;;;1.42;109;n/a;;;;;;0.553;Mixed Model;;;Y;2;N;N;N;N;N;N;Y;Y;N;N;N;N;N;Y;N;N;N;N;N;
69;2;2014;Y;1;70;13;0;Nature Climate Change;Rijksuniversiteit Groningen;53.22007;78;5;Google Scholar citing W&B;;1;Yes;No;80;;;5.28;;;;;;;;1;78;n/a;;;;;;0.024;Mixed Model;;;Y;2;N;N;N;Y;N;N;N;N;N;N;N;N;N;Y;N;N;N;N;N;
70;2;2010;Y;1;;;;Journal of Consumer Psychology;Online (University of Michigan);42.276192;35;69;Informal;"Interaction effect attenuates; interaction p included";1;Yes;No;127;interaction;;;;;2.12;;;;;;115;n/a;;;;;;<.04;Between;;;Y;2;N;Y;N;N;N;N;N;Y;N;Y;N;N;N;N;N;N;Y;N;N;
71;1;2016;Y;3;21;0;0;Acta Psychologica;UniversityofChieti-Pescara;42.366249;37;0;Informal;;1;Yes;Yes;24;;;;;;18.94;;;;;;912;group analysis;;;;;;< .001;Within;;0.63;Y;2;N;N;N;N;N;N;Y;N;N;Y;N;Y;N;N;N;N;N;N;N;
71;1;2016;Y;2;21;0;0;Acta Psychologica;UniversityofChieti-Pescara;42.366249;37;0;Informal;;1;Yes;Yes;21;;;;;;32.14;;;;;;576;group analysis;;;;;;< .001;Within;;1.3;Y;2;N;N;N;N;N;N;Y;N;N;Y;N;Y;N;N;N;N;N;N;N;
71;1;2016;Y;1;21;0;0;Acta Psychologica;UniversityofChieti-Pescara;42.366249;37;0;Informal;3 levels of variable;1;Yes;Yes;21;;;;;;5.08;;;;;;20;group analysis;;;;;;<.001;Within;;1.1;Y;2;N;N;N;N;N;N;Y;N;N;Y;N;Y;N;N;N;N;N;N;N;
71;2;2016;Y;2;24;0;0;Acta Psychologica;UniversityofChieti-Pescara;42.366249;37;0;Informal;;1;Yes;Yes;24;;;;;;3.74;;;;;;912;group analysis;;;;;;< .001;Within;;0.2;Y;2;N;N;N;N;N;N;Y;N;N;Y;N;Y;N;N;N;N;N;N;N;
71;2;2016;Y;1;24;0;0;Acta Psychologica;UniversityofChieti-Pescara;42.366249;37;0;Informal;;1;Yes;Yes;24;;;;;;19.19;;;;;;576;group analysis;;;;;;< .001;Within;;0.8;Y;2;N;N;N;N;N;N;Y;N;N;Y;N;Y;N;N;N;N;N;N;N;
72;1;unpub;Y;1;0;0;0;N/A;Colorado College;38.84697;;0;Informal;;-1;Yes;Yes;83;;;;;;-0.98;;;;;;60;group analysis;;;;;;0.33;Between;;;;2;Y;N;N;N;N;N;N;N;N;Y;N;N;N;N;N;Y;N;N;N;
73;1;2013;Y;1;139;80;0;Psychological Science;Mturk;;84;18;Informal;"Original was reversal; here no effect. Only include interaction effect?";-1;Yes;No;219;interaction;;;-0.221;;;;;;;;214;105;;114;;;;0.826;Between;;;Y;3;N;N;N;N;N;N;N;Y;N;N;N;N;N;N;Y;N;N;N;N;
73;2;2013;Y;1;126;107;0;Psychological Science;Mturk;;84;18;Informal;"Original was reversal; here no effect. Only include interaction effect?";-1;Yes;No;233;interaction;;;-0.358;;;;;;;;228;125;;108;;;;0.72;Between;;;Y;3;N;N;N;N;N;N;N;Y;N;N;N;N;N;N;Y;N;N;N;N;
74;1;2005;N;1;;;;Journal of Banking and Finance;Financial markets in different countries;;;277;Informal;Excluded (relevance);;No;No;;;;;;;;;;;;;;;;;;;;;;;;;;;;;;;;;;;;;;;;;;;;;
75;1;unpub;Y;1;;;;;University of Manchester;53.469682;;;Mailing to known authors;(N used for df);1;Yes;Yes;113;;;;;;;;0.751;;;1;112;56;57;;;;;0.751;Between;;;N;2;Y;N;N;N;N;N;N;N;N;Y;N;N;N;N;N;N;N;N;N;
76;1;2008;Y;1;;;;Psychological Science;University of Toronto;43.660739;84;452;Informal;calculated p value on website (p-rep);1;Yes;Yes;65;;;;;;2.02;;;;;;63;32;33;;;;;0.0476;Between;;;Y;2;N;N;N;Y;N;N;N;N;N;Y;N;N;N;N;N;N;N;N;N;
76;2;2008;Y;1;;;;Psychological Science;University of Toronto;43.660739;84;452;Informal;This was desirability ratings of warm/cold drinks. Added into subjective warmth. ;1;Yes;No;52;interaction;;4.62;;;;;;;;1;50;26;26;;;;;0.0365;Between;;;Y;1;N;N;N;N;Y;N;N;N;N;Y;N;N;N;N;Y;N;N;N;N;
77;1;2016;N;1;31;23;0;Plos One;University of California Los Angeles Clinical and Translational Research Center ;34.070264;161;0;Google Scholar Notifications;bivariate correlation btw oral temperature was positively correlated with feelings of social connection;1;Yes;Yes;54;;;;;;;0.35;;;;;52;continuous ;;;;;;0.01;Correlation;;;Y;0;N;N;N;N;N;Y;N;N;N;Y;N;N;N;N;N;N;N;N;N;
78;1;2016;Y;1;44;43;0;Psychological Research;Beer-Sheva;31.253;26;0;Google Scholar Notifications;;1;Yes;Yes;87;warm vs. cool;;5.64;;;;;;;;1;82;28;30;29;;;;0.019;Between;;;Y;2;Y;N;N;N;N;N;N;N;N;N;N;N;N;N;Y;Y;N;N;N;
78;2;2016;Y;1;28;0;0;Psychological Research;Beer-Sheva;31.253;26;0;Google Scholar Notifications;Took overall test;1;Yes;Yes;28;warm vs. cool;;10.99;;;;;;;;1;25;within;;;;;;< .001;Between;;;Y;2;N;Y;N;N;N;N;N;N;N;N;N;N;N;N;Y;Y;N;N;N;
79;Mesa;unpub;Y;1a;165;181;0;N/A;Tilburg University;51.562787;;0;Informal;DOUBLE DELETE;;No;No;;;;;;;;;;;;;;;;;;;;;;;;N;2;Y;N;N;N;N;N;N;Y;N;Y;N;N;N;N;N;Y;N;N;N;
79;Mesa;unpub;Y;1b;165;181;0;N/A;Tilburg University;51.562787;;0;Informal;DOUBLE DELETE;;No;No;;;;;;;;;;;;;;;;;;;;;;;;N;2;Y;N;N;N;N;N;N;Y;N;Y;N;N;N;N;N;Y;N;N;N;
80;1;2016;Y;1;71;47;0;Journal of Advertising;;;24;0;Google Scholar Notifications;Excluded, relevance;;No;No;118;;;;;;;;;;;;;;;;;;;;;;;;;;;;;;;;;;;;;;;;;;;;
80;2;2016;Y;1;97;100;0;Journal of Advertising;Mturk;;24;0;Google Scholar Notifications;"Interaction effect attenuates; interaction p included";1;Yes;No;197;interaction;;3.95;;;;;;;;2;189;unclear from paper;;;;;;0.02;Between;;;Y;2;N;Y;N;N;N;N;N;Y;N;N;N;N;N;N;N;N;Y;N;N;
80;3;2016;Y;1;52;36;0;Journal of Advertising;Mturk;;24;0;Google Scholar Notifications;MEDIATION, took total effect of Image type on donation;1;Yes;Yes;88;;;;;;;-0.38;;;;;86;;;;;;;;Correlation;;;;;;;;;;;;;;;;;;;;;;;;
80;4;2016;Y;1;66;62;0;Journal of Advertising;Mturk;;24;0;Google Scholar Notifications;"Interaction effect attenuates; interaction p included";1;Yes;No;128;interaction;;4.14;;;;;;;;1;122;not clear from paper;;;;;;0.044;Between;;;Y;2;N;Y;N;N;N;N;N;Y;N;N;N;N;N;N;N;N;Y;N;N;
80;Pilot;2016;Y;1;36;26;0;Journal of Advertising;Mturk;;24;0;Google Scholar Notifications;;1;Yes;Yes;116;;;;;;2.09;;;;;;114;not clear from paper;;;;;;0.039;Between;;;Y;2;N;Y;N;N;N;N;N;N;N;Y;N;N;N;N;N;N;N;N;N;
81;1;2017;Y;1;52;105;0;Journal of Consumer Psychology;Mturk;;35;0;Informal;only took the cold preference mediation (reversed sign);1;Yes;Yes;165;;two files for these four (one with all correlations, one with explanation);;;;;;;0.12;;;155;76;81;;;;;;Between;;;Y;1;N;N;N;N;N;N;N;N;Y;N;N;N;N;N;Y;N;N;N;N;
81;2;2017;Y;1;55;62;0;Journal of Consumer Psychology;Mturk;;35;0;Informal;only took the cold preference mediation (reversed sign);1;Yes;Yes;117;interaction;https://www.dropbox.com/s/yfv1d5bv0u5vep2/81%20bivariate%20correlations.spv?dl=0;;;;;;;0.41;;;115;33;25;31;28;;;;Between;;;Y;1;N;N;N;N;N;N;N;N;Y;N;N;N;N;N;Y;N;N;N;N;
81;3;2017;Y;1;;;;Journal of Consumer Psychology;Mturk;;35;0;Informal;Flush variable (self conscious emotions);1;Yes;Yes;140;;https://www.dropbox.com/s/486e71tegvhwnld/81%20bivariate%20correlations%20explanation.docx?dl=0;;;;;;;0.29;;;119;32;30;35;24;;;0.003;Between;;;Y;2;N;N;N;N;Y;N;N;N;Y;N;N;N;N;N;Y;N;N;N;N;
81;3;2017;Y;2;;;;Journal of Consumer Psychology;Mturk;;35;0;Informal;Mediation onto cold drinks only;1;Yes;Yes;;;;;;;;;;0.187;;;119;32;30;35;24;;;;Between;;;Y;1;N;N;N;N;N;N;N;N;Y;N;N;N;N;N;Y;N;N;N;N;
81;4;2017;Y;1a;43;76;0;Journal of Consumer Psychology;Mturk;;35;0;Informal;"interaction; reversal, both contrasts  included";1;Yes;Yes;137;;;3.64;;;;;;;;1;116;;;;;;;0.06;Between;;;Y;1;N;Y;N;N;N;N;N;N;Y;N;N;N;N;N;Y;N;Y;N;N;
81;4;2017;Y;1b;43;76;0;Journal of Consumer Psychology;Mturk;;35;0;Informal;"interaction; reversal, both contrasts  included";1;Yes;Yes;;;;6.3;;;;;;;;1;116;;;;;;;< .05;Between;;;Y;1;N;Y;N;N;N;N;N;N;Y;N;N;N;N;N;Y;N;Y;N;N;
81;extra 1;2017;;1;;;;N/A;Mturk;;;0;Informal;attenuated - only interaction reported;1;Yes;No;107;interaction;;10.02;;;;;;;;1;103;28;25;25;29;;;0.002;Between;;;N;1;N;N;N;N;N;N;N;Y;Y;N;N;N;N;N;Y;N;Y;N;N;
81;extra 2;2017;;1;;;;N/A;Mturk;;;0;Informal;attenuated - only interaction reported;1;Yes;No;127;interaction;;0.33;;;;;;;;1;123;22;37;35;33;;;0.57;Between;;;N;1;N;N;N;N;N;N;N;Y;Y;N;N;N;N;N;Y;N;Y;N;N;
81;extra 3a;2017;Y;1;108;122;0;N/A;Mturk;;;0;Informal;authors report reversal interaction, but two of the contrast were marginally significant. Report the interaction term (as I interpret effect to be attenuated). -> I did not include the mediation here. ;1;Yes;No;230;;;6.04;;;;;;;;2;216;;;;;;;0.003;Between;;;N;1;N;N;N;N;N;N;N;Y;Y;N;N;N;N;N;Y;N;N;N;N;
81;extra 3b;2017;Y;1b;93;98;0;N/A;Mturk;;;0;Informal;reversal interaction in this case. Both values reported. (presumed 31 per condition);1;Yes;No;;interaction;;6.67;;;;;;;;1;60;;;;;;;0.01;Between;;;N;1;N;N;N;N;N;N;N;Y;Y;N;N;N;N;N;Y;N;Y;N;N;
81;extra 3b;2017;Y;1a;93;98;0;N/A;Mturk;;;0;Informal;reversal interaction in this case. Both values reported (presumed 31 per condition);1;Yes;No;206;interaction (not more info than this available);;;;;;;;;;;;;;;;;;0.03;Between;;;N;1;N;N;N;N;N;N;N;Y;Y;N;N;N;N;N;Y;N;Y;N;N;
81;pre-test;2017;;1;;;;Journal of Consumer Psychology;Colorado State University;40.573239;35;0;Informal;;1;Yes;Yes;57;;;;;;2.12;;;;;;55;;;;;;;< .05;Between;;;Y;2;N;N;N;Y;N;N;N;N;Y;N;N;N;N;N;N;N;N;N;N;
82;4;unpub;Y;1;125;29;0;N/A (unpublished);Oswego;43.45535;;0;Informal;interaction, effect attenuated (authors report reversal, but ns);1;Yes;No;154;interaction;;;;23.62;2.65;0.21;;;;;148;49;54;51;;;;<.01;Between;;;N;2;Y;N;N;N;N;N;N;Y;N;Y;N;N;N;N;Y;N;N;N;N;
83;1;2016;Y;2;229;232;0;International Journal of Research in Marketing;University of Cologne;50.9333;31;0;Google Notification;Interaction, effect attenuated (purchase likelihood);1;Yes;No;;interaction;;4.703;;;;;;;;1;450;116;120;108;110;;;0.031;Between;;;Y;1;Y;N;N;N;N;N;N;Y;Y;N;N;N;N;N;Y;N;Y;N;N;
83;1;2016;Y;1;229;232;0;International Journal of Research in Marketing;University of Cologne;50.9333;31;0;Google Notification;Interaction, effect attenuated (attitude ad);1;Yes;No;461;interaction;;5.245;;;;;;;;1;450;116;120;108;110;;;0.022;Between;;;Y;1;Y;N;N;N;N;N;N;Y;Y;N;N;N;N;N;Y;N;N;N;N;
83;1;2016;Y;3;229;232;0;International Journal of Research in Marketing;University of Cologne;50.9333;31;0;Google Notification;"temperature perception(conditions merged?; It was not temp estimate, but estimate of ambient temp, so filled in yes there)";1;Yes;Yes;;;;7.659;;;;;;;;1;287;?;?;;;;;0.006;Between;;;Y;2;N;N;N;Y;N;N;N;N;Y;N;N;N;N;N;N;N;N;N;N;
83;2;2016;Y;1;24;12;0;International Journal of Research in Marketing;University of Cologne;50.9333;31;0;Google Notification;Interaction, effect attenuated;1;Yes;No;168;interaction ;;7.128;;;;;;;;1;164;42;43;35;26;;;0.008;Between;;;Y;1;Y;N;N;N;N;N;N;Y;Y;N;N;N;N;N;Y;N;N;N;N;
83;3;2016;N;1a;100%;0%;0;International Journal of Research in Marketing;Across different countries;;31;0;Google Notification;"interaction; reversal, both contrasts  included (low temp)";1;Yes;No;;interaction;;;;;;;;;;;16;;;;;;;0.018;Continuous;;;Y;1;N;N;Y;N;N;N;N;Y;Y;N;N;N;N;N;Y;N;Y;N;N;
83;3;2016;N;1b;100%;0%;0;International Journal of Research in Marketing;Across different countries;;31;0;Google Notification;"interaction; reversal, both contrasts  included (high temp; reversed sign)";1;Yes;No;;interaction;;;;;;;;;;;16;;;;;;;0.005;Continuous;;;Y;1;N;N;Y;N;N;N;N;Y;Y;N;N;N;N;N;Y;N;Y;N;N;
84;Fall 2013;unpub;N;loneliness/composite scale;;;;N/A;University of Texas Austin;30.28611111;;0;Email with Brent Donnellan;took n for df;-1;Yes;Yes;366;;;;;;;-0.03;;;;;365;;;;;;;0.535;Continuous;;;N;1;N;N;N;N;N;N;N;N;Y;Y;N;N;N;N;Y;N;N;N;N;
84;Fall 2014, 2015;unpub;N;loneliness/composite scale;;;;N/A;University of Texas Austin;30.28611111;;0;Listserv (Sam Gosling);took n for df;-1;Yes;Yes;1763;;;;;;;-0.013;;;;;1762;;;;;;;0.575;Continuous;;;N;1;N;N;N;N;N;N;N;N;Y;Y;N;N;N;N;Y;N;N;N;N;
84;Spring 2015;unpub;N;loneliness/composite scales;;;;N/A;University of Texas Austin;30.28611111;;0;Listserv (Sam Gosling);took n for df;-1;Yes;Yes;170;;;;;;;0.011;;;;;169;;;;;;;0.887;Continuous;;;N;1;N;N;N;N;N;N;N;N;Y;Y;N;N;N;N;Y;N;N;N;N;
84;Spring 2016;unpub;N;loneliness/composite scales;;;;N/A;University of Texas Austin;30.28611111;;0;Listserv (Sam Gosling);took n for df;-1;Yes;Yes;299;;;;;;;-0.065;;;;;298;;;;;;;0.265;Continuous;;;N;1;N;N;N;N;N;N;N;N;Y;Y;N;N;N;N;Y;N;N;N;N;
85;1;2017;Y;1;only for overall sample;only for overall sample;only for overall sample;archives of scientific psychology;Manchester & Kenyon;;;0;Informal;"included the main effect of temperature (I suspect mediation; included N rather than df; other studies report ambient coldness to increase prosociality)";1;Yes;Yes;611;;;;;;;;;0.06;11.034;;566;;;;;;;0.001;Continuous;;;Y;2;N;N;Y;N;N;N;N;N;N;Y;N;N;N;N;N;N;N;N;N;
85;1;2017;Y;2;only for overall sample;only for overall sample;only for overall sample;archives of scientific psychology;Manchester & Kenyon;;;0;Informal;Opposite from expected direction! (N included as df);-1;Yes;Yes;;;;;;;;;;-0.382;4.833;;566;;;;;;;0.028;Between;;;Y;2;Y;N;N;N;N;N;N;N;N;Y;N;N;N;N;N;N;N;N;N;
86;1;2016;Y;1;89;36;0;Journal of Experimental Social Psychology;University of Cologne;50.9333;50;0;Informal;;1;Yes;Yes;125;;;;;;3.178;;;;;;123;?;?;;;;;0.002;Between;;0.58;Y;2;Y;N;N;N;N;N;N;N;N;N;N;N;N;N;N;Y;N;N;N;
86;2;2016;Y;1;47;75;0;Journal of Experimental Social Psychology;Mturk;;50;0;Informal;;1;Yes;Yes;122;;;;;;;0.402;;;;;120;;;;;;;0.001;Continuous;;;Y;2;Y;N;N;N;N;N;N;N;N;N;N;N;N;N;N;Y;N;N;N;
86;2;2016;Y;2;47;75;0;Journal of Experimental Social Psychology;Mturk;;50;0;Informal;;1;Yes;Yes;;;;;;;0.663;;;;;;119;;;;;;;0.509;Between;;;Y;2;N;Y;N;N;N;N;N;N;N;N;N;N;N;N;N;N;N;N;Y;
86;4;2016;Y;1;140;163;0;Journal of Experimental Social Psychology;Mturk;;50;0;Informal;Interaction, effect attenuated;1;Yes;No;303;Interaction;;;;;2.102;;;0.07;;;300;;;;;;;0.036;Continuous;;;Y;2;N;N;N;N;N;N;N;Y;N;N;N;N;N;N;N;Y;N;N;N;
86;3a;2016;N;1a;69;51;0;Journal of Experimental Social Psychology;Mturk;;50;0;Informal;;1;Yes;Yes;120;;;;;;2.67;0.239;;0.095;;;118;;;;;;;0.009;Continuous;;;Y;2;N;N;N;N;N;N;N;N;N;N;N;N;N;N;N;Y;N;N;N;
86;3a;2016;N;1c;69;51;0;Journal of Experimental Social Psychology;Mturk;;50;0;Informal;;1;Yes;Yes;;;;;;0.014;2.619;;;;;;118;;;;;;;0.01;Continuous;;;Y;2;N;N;N;N;N;N;N;N;N;N;N;N;N;N;N;Y;N;N;N;
86;3a;2016;N;1b;69;51;0;Journal of Experimental Social Psychology;Mturk;;50;0;Informal;;1;Yes;Yes;;;;;;0.061;2.145;;;;;;118;;;;;;;0.034;Continuous;;;Y;2;N;N;N;N;N;N;N;N;N;N;N;N;N;N;N;Y;N;N;N;
86;3b;2016;N;1;53;66;0;Journal of Experimental Social Psychology;Mturk;;50;0;Informal;;1;Yes;Yes;119;;;;;;2.92;;;0.118;;;117;;;;;;;0.004;Continuous;;;Y;2;N;N;N;N;N;N;N;N;N;N;N;N;N;N;N;Y;N;N;N;
86;supplemental ;2016;N;1a;;;;Journal of Experimental Social Psychology;Mturk;;50;0;Informal;did not include affiliation (did not fit overall hypothesis, plus reversal);1;Yes;Yes;120;;;;;;;0.192;;;;;119;;;;;;;0.035;Continuous;;;Y;2;N;N;N;N;N;N;N;N;N;N;N;N;N;N;N;Y;N;N;N;
87;1;unpub;N;1;1038;469;0;N/a (unpublished);Across the world;;;0;Own research;"Interaction, effect attenuated (ONLY report final model moderated mediation model with interaction included; N as df reported here) ";1;Yes;Yes;1507;;;;;-0.02;-4.99;;;;;;1367;;;;;;;<.001;Continuous;;;N;1;N;N;Y;N;N;Y;N;Y;N;Y;N;Y;N;N;N;N;N;N;N;
88;1;unpub;Y;1;31;20;0;N/a (unpublished);University of Cologne;50.9333;;1;Own research;NOTE: Ns based on warm vs. cold condition are different from results, because results were obtained via judgments of independent raters!;1;Yes;No;64;interaction;;;;;7.58;;;;;;79;26;25;;;;;< .001;Between;;0.85;N;2;Y;N;N;N;N;N;N;N;N;N;Y;N;N;N;N;Y;N;N;N;
88;2;unpub;Y;1a;42;28;0;N/a (unpublished);University of Cologne;50.9333;;1;Own research;"NOTE: Ns based on warm vs. cold condition are different from results, because results were obtained via judgments of independent raters!; interaction reversed; included both";1;Yes;No;70;interaction;;;;;2.27;;;;;;45;18;23;14;15;;;0.028;Between;;0.33;N;2;Y;N;N;N;N;N;N;N;N;N;Y;N;N;N;N;Y;N;N;N;
88;2;unpub;Y;1b;42;28;0;N/a (unpublished);University of Cologne;50.9333;;1;Own research;"NOTE: Ns based on warm vs. cold condition are different from results, because results were obtained via judgments of independent raters!; interaction reversed; included both";1;Yes;No;;interaction;;;;;5.94;;;;;;45;18;23;14;15;;;< .001;Between;;0.87;N;2;Y;N;N;N;N;N;N;N;N;N;Y;N;N;N;N;Y;N;N;N;
89;1;unpub;y;1a;165;181;0;N/a (unpublished);Tilburg University;51.565207;;3;Own research;Interaction reversed, both reported (only meso-analysis included here, because of exploratory nature of Study 1);1;Yes;No;346;interaction;;;;0.44;3.94;0.22;;;;;340;;;;;;;<.01;Continuous;;;N;1;Y;N;N;N;N;N;N;Y;N;Y;N;N;N;N;Y;Y;N;N;N;
89;2;unpub;Y;1b;165;181;0;N/a (unpublished);Tilburg University;51.565207;;3;Own research;Interaction reversed, both reported (only meso-analysis included here, because of exploratory nature of Study 1);1;Yes;No;;interaction;;;;0.28;2.4;0.13;;;;;340;;;;;;;0.02;Continuous;;;N;1;Y;N;N;N;N;N;N;Y;N;Y;N;N;N;N;Y;Y;N;N;N;
90;1;2017;N;1;94;28;0;SPPS;North Dakota State University;46.89238;41;0;Google Notification;interpersonal behavior variable;1;Yes;Yes;132;;;;;0.14;6.78;;;;;;130;;;;;;;< .001;Continuous;;;Y;2;N;N;Y;N;N;N;N;N;N;Y;N;N;N;N;N;N;N;N;N;
90;1;2017;N;2;94;28;0;SPPS;North Dakota State University;46.89238;41;0;Google Notification;agreeableness;1;Yes;Yes;;;;;;0.06;3.06;;;;;;130;;;;;;;< .001;Continuous;;;Y;2;N;N;Y;N;N;N;N;N;N;N;Y;N;N;N;N;N;N;N;N;
90;2;2017;N;1;67;70;0;SPPS;North Dakota State University;46.89238;41;0;Google Notification;interpersonal behavior variable;1;Yes;Yes;137;;;;;0.17;8.18;;;;;;135;;;;;;;<.001;Continuous;;;Y;2;N;N;Y;N;N;N;N;N;N;Y;N;N;N;N;N;N;N;N;N;
90;2;2017;N;2;67;70;0;SPPS;North Dakota State University;46.89238;41;0;Google Notification;agreeableness;1;Yes;Yes;;;;;;0.05;2.52;;;;;;135;;;;;;;<.001;Continuous;;;Y;2;N;N;Y;N;N;N;N;N;N;N;Y;N;N;N;N;N;N;N;N;
20a;2;2014;Y;1;;;;Journal of Consumer Psychology;South China University of Technology ;23.151819;35;6;PsycInfo;;1;Yes;Yes;;;;1.21;;;;;;;;1;95;46;51;;;;;0.28;Between;;;Y;2;Y;N;N;N;N;N;N;Y;N;Y;N;Y;N;N;N;N;Y;N;Y;
20a;2;2014;Y;1;;;;Journal of Consumer Psychology;South China University of Technology ;23.151819;35;6;PsycInfo;;1;Yes;No;;;;1.59;;;;;;;;1;95;46;51;;;;;0.21;Between;;;Y;2;Y;N;N;N;N;N;N;Y;N;Y;N;Y;N;N;N;N;Y;N;Y;
20a;2;2014;Y;1;;;;Journal of Consumer Psychology;South China University of Technology ;23.151819;35;6;PsycInfo;"Interaction effect attenuates; interaction p included";1;Yes;No;97;interaction;;9.46;;;;;;;;1;93;46;51;;;;;< .01;Between;;;Y;2;Y;N;N;N;N;N;N;Y;N;Y;N;Y;N;N;N;N;Y;N;N;
20a;3;2014;Y;6;;;;Journal of Consumer Psychology;The Chinese University of Hong Kong;22.417534;35;6;PsycInfo;;1;Yes;Yes;;;;0.04;;;;;;;;1;50;29;23;;;;;0.84;Between;;;Y;2;Y;N;N;N;N;N;N;N;N;Y;N;Y;N;N;N;N;Y;N;Y;
20a;3;2014;Y;5;;;;Journal of Consumer Psychology;The Chinese University of Hong Kong;22.417534;35;6;PsycInfo;;1;Yes;Yes;;;;0.95;;;;;;;;1;50;29;23;;;;;0.34;Between;;;Y;2;Y;N;N;N;N;N;N;N;N;Y;N;Y;N;N;N;N;Y;N;Y;
20a;3;2014;Y;2;;;;Journal of Consumer Psychology;The Chinese University of Hong Kong;22.417534;35;6;PsycInfo;;1;Yes;Yes;;;;4.73;;;;;;;;1;50;29;23;;;;;< .05;Between;;;Y;2;Y;N;N;N;N;N;N;N;N;Y;N;Y;N;N;N;N;Y;N;N;
20a;3;2014;Y;3;;;;Journal of Consumer Psychology;The Chinese University of Hong Kong;22.417534;35;6;PsycInfo;;1;Yes;Yes;;;;5.29;;;;;;;;1;50;29;23;;;;;< .05;Between;;;Y;2;Y;N;N;N;N;N;N;N;N;Y;N;Y;N;N;N;N;Y;N;N;
20a;3;2014;Y;1;;;;Journal of Consumer Psychology;The Chinese University of Hong Kong;22.417534;35;6;PsycInfo;;1;Yes;Yes;52;;;5.33;;;;;;;;1;50;29;23;;;;;< .05;Between;;;Y;2;Y;N;N;N;N;N;N;N;N;Y;N;Y;N;N;N;N;Y;N;N;
20a;3;2014;Y;4;;;;Journal of Consumer Psychology;The Chinese University of Hong Kong;22.417534;35;6;PsycInfo;;1;Yes;Yes;;;;5.43;;;;;;;;1;50;29;23;;;;;< .05;Between;;;Y;2;Y;N;N;N;N;N;N;N;N;Y;N;Y;N;N;N;N;Y;N;N;
20a;4;2014;N;2;;;;Journal of Consumer Psychology;Hong Kong Horseraces;22.275472;35;6;PsycInfo;;1;Yes;Yes;;;;;;;;0.11;;;;;224;n/a;;;;;;< .05;Continuous;;;Y;2;N;N;Y;N;N;N;N;N;N;Y;N;Y;N;N;N;N;Y;N;N;
20a;4;2014;N;1;;;;Journal of Consumer Psychology;Hong Kong Horseraces;22.275472;35;6;PsycInfo;;1;Yes;Yes;224;;;31.01;;;;;;;;1;202;n/a;;;;;;< .001;Continuous;;;Y;2;N;N;Y;N;N;N;N;N;N;Y;N;Y;N;N;N;N;Y;N;N;
20a;4;2014;N;3;;;;Journal of Consumer Psychology;Hong Kong Horseraces;22.275472;35;6;PsycInfo;;1;Yes;Yes;;;;167.13;;;;;;;;1;222;n/a;;;;;;< .001;Continuous;;;Y;2;N;N;Y;N;N;N;N;N;N;Y;N;Y;N;N;N;N;Y;N;N;
20a;1a;2014;Y;2;;;;Journal of Consumer Psychology;The Chinese University of Hong Kong;22.417534;35;6;PsycInfo;;1;Yes;Yes;;;;6.94;;;;;;;;1;79;n/a;;;;;;< .05;Between;;;Y;2;Y;N;N;N;N;N;N;N;N;Y;N;Y;N;N;N;N;Y;N;N;
20a;1a;2014;Y;1;;;;Journal of Consumer Psychology;The Chinese University of Hong Kong;22.417534;35;6;PsycInfo;20a is published paper version of 20 (dissertation, which had extra studies);1;Yes;No;81;interaction;;7.33;;;;;;;;1;77;n/a;;;;;;<.01;Between;;;Y;2;Y;N;N;N;N;N;N;N;N;N;N;Y;N;N;Y;N;N;N;N;
20a;1b;2014;Y;1;;;;Journal of Consumer Psychology;The Chinese University of Hong Kong;22.417534;35;6;PsycInfo;;1;Yes;No;76;interaction;;10.02;;;;;;;;1;72;n/a;;;;;;< .01;Between;;;Y;2;Y;N;N;N;N;N;N;N;N;Y;N;Y;N;N;N;N;Y;N;N;