PaperID,title,authors,contacts,studyID,EffectID,journal,journalH5,publication_year,country,published,source,doi,citations,items,predictedDirection,inLabAdministration,research_design,strategy,frequency_of_intervention,number_of_intervention,lenght of intervention,timing_of_effect,when,duration_of_intervention,nationality,presence_of_individual_differences ,presence_of_stressTest,Type_of_StressTest,name of stress test,type_of_population,exact_type_of_population,Instrument,type_of_source,type_of_comparison_group,,,Measure,affect ,type_of_stress_component,Affective_consequences_of_stress ,focal variable,type_of_effect,nMale	,nFemale,% of Female,mean age,F,log.reg.B,B,beta,t,r,Chisq	,Waldchisq,df1,df2,p.reported,sd1,sd2,se1,se2,n1  (code the experimental group as n1),n2,n3,mean1 (code the experimental group),mean2,Domain.1.risk.of.bias,Domain.2.risk.of.bias,Domain.3.risk.of.bias,Domain.4.risk.of.bias,Domain.5.risk.of.bias,Overall.risk.of.bias,Included =1 Excluded =0 ,Notes,url
1,Heart rate variability is enhanced in controls but not maladaptive perfectionists during brief mindfulness meditation following stress-induction: A stratified-randomized trial,"Azam, Muhammad Abid; Katz, Joel; Fashler, Samantha R.; Changoor, Tina; Azargive, Saam; Ritvo, Paul","pritvo@yorku.ca, abidazam@yorku.ca
",1,1,International Journal of Psychophysiology,42,2015,1,1,1,10.1016/j.ijpsycho.2015.06.005,53,,,1,1,1,1,1,,1,,10,2,1,1,3,pattern recognition task (PRT),1,,,4,2,,,,,6,,1,,36,32,,,,,,,,,,,,,,,,,,,,,,,,,,,,,,,
1,Heart rate variability is enhanced in controls but not maladaptive perfectionists during brief mindfulness meditation following stress-induction: A stratified-randomized trial,"Azam, Muhammad Abid; Katz, Joel; Fashler, Samantha R.; Changoor, Tina; Azargive, Saam; Ritvo, Paul","pritvo@yorku.ca, abidazam@yorku.ca
",1,2,International Journal of Psychophysiology,42,2015,1,1,1,10.1016/j.ijpsycho.2015.06.005,53,,,1,1,1,1,1,,1,,10,2,1,1,3,pattern recognition task (PRT),1,,,4,2,,,,,6,,1,,36,32,,,,,,,,,,,,,,,,,,,,,,,,,,,,,,,
2,Examining the use of mindfulness meditation to enhance attention regulation efficiency in nursing students,"Burger, Kathleen G.",phillipsg@duq.edu.,2,1,,,2015,1,0,1,10.3928/01484834-20170619-08,3,10,,3,1,1,7,28,,1,,280,1,1,2,4,,1,,,1,1,,,,,2,,1,,,,,,,,,,,,,,,,,,,,,,,,,,,,,,,,,,
2,Examining the use of mindfulness meditation to enhance attention regulation efficiency in nursing students,"Burger, Kathleen G.",phillipsg@duq.edu.,2,2,,,2015,1,0,1,10.3928/01484834-20170619-08,3,39,,3,1,1,7,28,,1,,280,1,1,2,4,,1,,,1,1,,,,,3,,1,,,,,,,,,,,,,,,,,,,,,,,,,,,,,,,,,,
3,"The effects of an internet-delivered mindfulness-based intervention on perceived stress, psychological symptoms, and emotion regulation","Cairncross, Molly",,3,1,,,2019,1,0,1,https://search.proquest.com/openview/045361535539177cc9ce976567e9895a/1?pq-origsite=gscholar&cbl=18750&diss=y,0,31,,3,1,1,5,20,,1,,200,1,1,2,4,,1,,,1,1,,,,,3,,,,10,74,,21.39,,,,,,,,,,,,,,,,,,,,,,,,,,,,,
3,"The effects of an internet-delivered mindfulness-based intervention on perceived stress, psychological symptoms, and emotion regulation","Cairncross, Molly",,3,2,,,2019,1,0,1,https://search.proquest.com/openview/045361535539177cc9ce976567e9895a/1?pq-origsite=gscholar&cbl=18750&diss=y,0,10,,3,1,1,5,20,,1,,200,1,1,2,4,,1,,,1,1,,,,,2,,,,10,74,,21.39,,,,,,,,,,,,,,,,,,,,,,,,,,,,,
3,"The effects of an internet-delivered mindfulness-based intervention on perceived stress, psychological symptoms, and emotion regulation","Cairncross, Molly",,3,3,,,2019,1,0,1,https://search.proquest.com/openview/045361535539177cc9ce976567e9895a/1?pq-origsite=gscholar&cbl=18750&diss=y,0,10,,3,1,1,5,20,,1,,200,1,1,2,4,,1,,,1,1,,,,2,,,,,10,74,,21.39,,,,,,,,,,,,,,,,,,,,,,,,,,,,,
3,"The effects of an internet-delivered mindfulness-based intervention on perceived stress, psychological symptoms, and emotion regulation","Cairncross, Molly",,3,4,,,2019,1,0,1,https://search.proquest.com/openview/045361535539177cc9ce976567e9895a/1?pq-origsite=gscholar&cbl=18750&diss=y,0,10,,3,1,1,5,20,,1,,200,1,1,2,4,,1,,,1,1,,,,1,,,,,10,74,,21.39,,,,,,,,,,,,,,,,,,,,,,,,,,,,,
4,"Improvements in stress, affect, and irritability following brief use of a mindfulness-based smartphone app: A randomized controlled trial","Economides, Marcos; Martman, Janis; Bell, Megan J.; Sanderson, Brad",marcos@headspace.com,1,1,Mindfulness,58,2018,1,1,1,10.1007/s12671-018-0905-4,57,12,,3,1,1,7,10,,1,,100,2,1,2,4,,2,,,2,2,,,,,2,,1,,,,,,,,,,,,,,,,,,,,,,,,,,,,,,,,,,
4,"Improvements in stress, affect, and irritability following brief use of a mindfulness-based smartphone app: A randomized controlled trial","Economides, Marcos; Martman, Janis; Bell, Megan J.; Sanderson, Brad",marcos@headspace.com,1,2,Mindfulness,58,2018,1,1,1,10.1007/s12671-018-0905-4,57,12,,3,1,1,7,10,,1,,100,2,1,2,4,,2,,,2,2,,,,,2,,1,,,,,,,,,,,,,,,,,,,,,,,,,,,,,,,,,,
4,"Improvements in stress, affect, and irritability following brief use of a mindfulness-based smartphone app: A randomized controlled trial","Economides, Marcos; Martman, Janis; Bell, Megan J.; Sanderson, Brad",marcos@headspace.com,1,3,Mindfulness,58,2018,1,1,1,10.1007/s12671-018-0905-4,57,12,,3,1,1,7,10,,1,,100,2,1,2,4,,2,,,2,2,,,,3,,,1,,,,,,,,,,,,,,,,,,,,,,,,,,,,,,,,,,
5,The effectiveness of a music-based relaxation intervention and a mindfulness-based intervention delivered online to decrease hospice workers stress and improve professional quality of life,"Fiore, Jennifer M.",,,,,,2015,1,1,1,https://pdfs.semanticscholar.org/f244/58a4423281797d3bfe1ed0a5cfd4e7346b5f.pdf,1,,,,,1,,,,,,,,,,,,,,,,,,,,,,,,,,,,,,,,,,,,,,,,,,,,,,,,,,,,,,,,,
5,The effectiveness of a music-based relaxation intervention and a mindfulness-based intervention delivered online to decrease hospice workers stress and improve professional quality of life,"Fiore, Jennifer M.",,,,,,,,,,,,,,,,1,,,,,,,,,,,,,,,,,,,,,,,,,,,,,,,,,,,,,,,,,,,,,,,,,,,,,,,,,
6,A randomized controlled pilot study of a brief web-based mindfulness training.,"Glück, Tobias M.; Maercker, Andreas",tobias.glueck@univie.ac.at,,,	BMC Psychiatry,62,2011,1,1,2,10.1186/1471-244X-11-175,160,,,,,1,,,,,,,,,,,,,,,,,,,,,,,,,,,,,,,,,,,,,,,,,,,,,,,,,,,,,,,,,
6,A randomized controlled pilot study of a brief web-based mindfulness training.,"Glück, Tobias M.; Maercker, Andreas",tobias.glueck@univie.ac.at,,,	BMC Psychiatry,62,2011,1,1,2,10.1186/1471-244X-11-175,160,,,,,1,,,,,,,,,,,,,,,,,,,,,,,,,,,,,,,,,,,,,,,,,,,,,,,,,,,,,,,,,
6,A randomized controlled pilot study of a brief web-based mindfulness training.,"Glück, Tobias M.; Maercker, Andreas",tobias.glueck@univie.ac.at,,,	BMC Psychiatry,62,2011,1,1,2,10.1186/1471-244X-11-175,160,,,,,1,,,,,,,,,,,,,,,,,,,,,,,,,,,,,,,,,,,,,,,,,,,,,,,,,,,,,,,,,
6,A randomized controlled pilot study of a brief web-based mindfulness training.,"Glück, Tobias M.; Maercker, Andreas",tobias.glueck@univie.ac.at,,,	BMC Psychiatry,62,2011,1,1,2,10.1186/1471-244X-11-175,160,,,,,1,,,,,,,,,,,,,,,,,,,,,,,,,,,,,,,,,,,,,,,,,,,,,,,,,,,,,,,,,
7,Online mindfulness as a promising method to improve exercise capacity in heart disease: 12-month follow-up of a randomized controlled trial,"Gotink, Rinske A.; Younge, John O.; Wery, Machteld F.; Utens, Elisabeth M. W. J.; Michels, Michelle; Rizopoulos, Dimitris; van Rossum, Liesbeth F. C.; Roos-Hesselink, Jolien W.; Hunink, Myriam M. G.",m.hunink@erasmusmc.nl,,,	PLoS ONE,175,2017,0,1,2,10.1371/journal.pone.0175923,12,,,,,1,,,,,,,,,,,,,,,,,,,,,,,,,,,,,,,,,,,,,,,,,,,,,,,,,,,,,,,,,
7,Online mindfulness as a promising method to improve exercise capacity in heart disease: 12-month follow-up of a randomized controlled trial,"Gotink, Rinske A.; Younge, John O.; Wery, Machteld F.; Utens, Elisabeth M. W. J.; Michels, Michelle; Rizopoulos, Dimitris; van Rossum, Liesbeth F. C.; Roos-Hesselink, Jolien W.; Hunink, Myriam M. G.",m.hunink@erasmusmc.nl,,,	PLoS ONE,175,2017,0,1,2,10.1371/journal.pone.0175923,12,,,,,1,,,,,,,,,,,,,,,,,,,,,,,,,,,,,,,,,,,,,,,,,,,,,,,,,,,,,,,,,
7,Online mindfulness as a promising method to improve exercise capacity in heart disease: 12-month follow-up of a randomized controlled trial,"Gotink, Rinske A.; Younge, John O.; Wery, Machteld F.; Utens, Elisabeth M. W. J.; Michels, Michelle; Rizopoulos, Dimitris; van Rossum, Liesbeth F. C.; Roos-Hesselink, Jolien W.; Hunink, Myriam M. G.",m.hunink@erasmusmc.nl,,,	PLoS ONE,175,2017,0,1,2,10.1371/journal.pone.0175923,12,,,,,1,,,,,,,,,,,,,,,,,,,,,,,,,,,,,,,,,,,,,,,,,,,,,,,,,,,,,,,,,
7,Online mindfulness as a promising method to improve exercise capacity in heart disease: 12-month follow-up of a randomized controlled trial,"Gotink, Rinske A.; Younge, John O.; Wery, Machteld F.; Utens, Elisabeth M. W. J.; Michels, Michelle; Rizopoulos, Dimitris; van Rossum, Liesbeth F. C.; Roos-Hesselink, Jolien W.; Hunink, Myriam M. G.",m.hunink@erasmusmc.nl,,,	PLoS ONE,175,2017,0,1,2,10.1371/journal.pone.0175923,12,,,,,1,,,,,,,,,,,,,,,,,,,,,,,,,,,,,,,,,,,,,,,,,,,,,,,,,,,,,,,,,
7,Online mindfulness as a promising method to improve exercise capacity in heart disease: 12-month follow-up of a randomized controlled trial,"Gotink, Rinske A.; Younge, John O.; Wery, Machteld F.; Utens, Elisabeth M. W. J.; Michels, Michelle; Rizopoulos, Dimitris; van Rossum, Liesbeth F. C.; Roos-Hesselink, Jolien W.; Hunink, Myriam M. G.",m.hunink@erasmusmc.nl,,,	PLoS ONE,175,2017,0,1,2,10.1371/journal.pone.0175923,12,,,,,1,,,,,,,,,,,,,,,,,,,,,,,,,,,,,,,,,,,,,,,,,,,,,,,,,,,,,,,,,
7,Online mindfulness as a promising method to improve exercise capacity in heart disease: 12-month follow-up of a randomized controlled trial,"Gotink, Rinske A.; Younge, John O.; Wery, Machteld F.; Utens, Elisabeth M. W. J.; Michels, Michelle; Rizopoulos, Dimitris; van Rossum, Liesbeth F. C.; Roos-Hesselink, Jolien W.; Hunink, Myriam M. G.",m.hunink@erasmusmc.nl,,,	PLoS ONE,175,2017,0,1,2,10.1371/journal.pone.0175923,12,,,,,1,,,,,,,,,,,,,,,,,,,,,,,,,,,,,,,,,,,,,,,,,,,,,,,,,,,,,,,,,
7,Online mindfulness as a promising method to improve exercise capacity in heart disease: 12-month follow-up of a randomized controlled trial,"Gotink, Rinske A.; Younge, John O.; Wery, Machteld F.; Utens, Elisabeth M. W. J.; Michels, Michelle; Rizopoulos, Dimitris; van Rossum, Liesbeth F. C.; Roos-Hesselink, Jolien W.; Hunink, Myriam M. G.",m.hunink@erasmusmc.nl,,,	PLoS ONE,175,2017,0,1,2,10.1371/journal.pone.0175923,12,,,,,1,,,,,,,,,,,,,,,,,,,,,,,,,,,,,,,,,,,,,,,,,,,,,,,,,,,,,,,,,
8,An online mindfulness intervention to reduce stress and anxiety among college students,"Greer, Christiaan",pfraz@umn.edu,,,,,2016,1,0,1,https://conservancy.umn.edu/handle/11299/175442,4,,,,,1,,,,,,,,,,,,,,,,,,,,,,,,,,,,,,,,,,,,,,,,,,,,,,,,,,,,,,,,,
8,An online mindfulness intervention to reduce stress and anxiety among college students,"Greer, Christiaan",pfraz@umn.edu,,,,,2016,1,0,1,https://conservancy.umn.edu/handle/11299/175442,4,,,,,1,,,,,,,,,,,,,,,,,,,,,,,,,,,,,,,,,,,,,,,,,,,,,,,,,,,,,,,,,
8,An online mindfulness intervention to reduce stress and anxiety among college students,"Greer, Christiaan",pfraz@umn.edu,,,,,2016,1,0,1,https://conservancy.umn.edu/handle/11299/175442,4,,,,,1,,,,,,,,,,,,,,,,,,,,,,,,,,,,,,,,,,,,,,,,,,,,,,,,,,,,,,,,,
8,An online mindfulness intervention to reduce stress and anxiety among college students,"Greer, Christiaan",pfraz@umn.edu,,,,,2016,1,0,1,https://conservancy.umn.edu/handle/11299/175442,4,,,,,1,,,,,,,,,,,,,,,,,,,,,,,,,,,,,,,,,,,,,,,,,,,,,,,,,,,,,,,,,
8,An online mindfulness intervention to reduce stress and anxiety among college students,"Greer, Christiaan",pfraz@umn.edu,,,,,2016,1,0,1,https://conservancy.umn.edu/handle/11299/175442,4,,,,,1,,,,,,,,,,,,,,,,,,,,,,,,,,,,,,,,,,,,,,,,,,,,,,,,,,,,,,,,,
8,An online mindfulness intervention to reduce stress and anxiety among college students,"Greer, Christiaan",pfraz@umn.edu,,,,,2016,1,0,1,https://conservancy.umn.edu/handle/11299/175442,4,,,,,1,,,,,,,,,,,,,,,,,,,,,,,,,,,,,,,,,,,,,,,,,,,,,,,,,,,,,,,,,
8,An online mindfulness intervention to reduce stress and anxiety among college students,"Greer, Christiaan",pfraz@umn.edu,,,,,2016,1,0,1,https://conservancy.umn.edu/handle/11299/175442,4,,,,,1,,,,,,,,,,,,,,,,,,,,,,,,,,,,,,,,,,,,,,,,,,,,,,,,,,,,,,,,,
8,An online mindfulness intervention to reduce stress and anxiety among college students,"Greer, Christiaan",pfraz@umn.edu,,,,,2016,1,0,1,https://conservancy.umn.edu/handle/11299/175442,4,,,,,1,,,,,,,,,,,,,,,,,,,,,,,,,,,,,,,,,,,,,,,,,,,,,,,,,,,,,,,,,
8,An online mindfulness intervention to reduce stress and anxiety among college students,"Greer, Christiaan",pfraz@umn.edu,,,,,2016,1,0,1,https://conservancy.umn.edu/handle/11299/175442,4,,,,,1,,,,,,,,,,,,,,,,,,,,,,,,,,,,,,,,,,,,,,,,,,,,,,,,,,,,,,,,,
8,An online mindfulness intervention to reduce stress and anxiety among college students,"Greer, Christiaan",pfraz@umn.edu,,,,,2016,1,0,1,https://conservancy.umn.edu/handle/11299/175442,4,,,,,1,,,,,,,,,,,,,,,,,,,,,,,,,,,,,,,,,,,,,,,,,,,,,,,,,,,,,,,,,
8,An online mindfulness intervention to reduce stress and anxiety among college students,"Greer, Christiaan",pfraz@umn.edu,,,,,2016,1,0,1,https://conservancy.umn.edu/handle/11299/175442,4,,,,,1,,,,,,,,,,,,,,,,,,,,,,,,,,,,,,,,,,,,,,,,,,,,,,,,,,,,,,,,,
8,An online mindfulness intervention to reduce stress and anxiety among college students,"Greer, Christiaan",pfraz@umn.edu,,,,,2016,1,0,1,https://conservancy.umn.edu/handle/11299/175442,4,,,,,1,,,,,,,,,,,,,,,,,,,,,,,,,,,,,,,,,,,,,,,,,,,,,,,,,,,,,,,,,
8,An online mindfulness intervention to reduce stress and anxiety among college students,"Greer, Christiaan",pfraz@umn.edu,,,,,2016,1,0,1,https://conservancy.umn.edu/handle/11299/175442,4,,,,,1,,,,,,,,,,,,,,,,,,,,,,,,,,,,,,,,,,,,,,,,,,,,,,,,,,,,,,,,,
8,An online mindfulness intervention to reduce stress and anxiety among college students,"Greer, Christiaan",pfraz@umn.edu,,,,,2016,1,0,1,https://conservancy.umn.edu/handle/11299/175442,4,,,,,1,,,,,,,,,,,,,,,,,,,,,,,,,,,,,,,,,,,,,,,,,,,,,,,,,,,,,,,,,
8,An online mindfulness intervention to reduce stress and anxiety among college students,"Greer, Christiaan",pfraz@umn.edu,,,,,2016,1,0,1,https://conservancy.umn.edu/handle/11299/175442,4,,,,,1,,,,,,,,,,,,,,,,,,,,,,,,,,,,,,,,,,,,,,,,,,,,,,,,,,,,,,,,,
8,An online mindfulness intervention to reduce stress and anxiety among college students,"Greer, Christiaan",pfraz@umn.edu,,,,,2016,1,0,1,https://conservancy.umn.edu/handle/11299/175442,4,,,,,1,,,,,,,,,,,,,,,,,,,,,,,,,,,,,,,,,,,,,,,,,,,,,,,,,,,,,,,,,
8,An online mindfulness intervention to reduce stress and anxiety among college students,"Greer, Christiaan",pfraz@umn.edu,,,,,2016,1,0,1,https://conservancy.umn.edu/handle/11299/175442,4,,,,,1,,,,,,,,,,,,,,,,,,,,,,,,,,,,,,,,,,,,,,,,,,,,,,,,,,,,,,,,,
8,An online mindfulness intervention to reduce stress and anxiety among college students,"Greer, Christiaan",pfraz@umn.edu,,,,,2016,1,0,1,https://conservancy.umn.edu/handle/11299/175442,4,,,,,1,,,,,,,,,,,,,,,,,,,,,,,,,,,,,,,,,,,,,,,,,,,,,,,,,,,,,,,,,
9,Evaluation of an mhealth app (destressify) on university students' mental health: Pilot trial,"Lee, R.A.; Jung, M.E.",mary.jung@ubc.ca,,,JMIR MENTAL HEALTH,35,2018,1,1,2,10.2196/mental.8324,30,,,,,1,,,,,,,,,,,,,,,,,,,,,,,,,,,,,,,,,,,,,,,,,,,,,,,,,,,,,,,,,
9,Evaluation of an mhealth app (destressify) on university students' mental health: Pilot trial,"Lee, R.A.; Jung, M.E.",mary.jung@ubc.ca,,,,,,,,,,30,,,,,1,,,,,,,,,,,,,,,,,,,,,,,,,,,,,,,,,,,,,,,,,,,,,,,,,,,,,,,,,
9,Evaluation of an mhealth app (destressify) on university students' mental health: Pilot trial,"Lee, R.A.; Jung, M.E.",mary.jung@ubc.ca,,,,,,,,,,30,,,,,1,,,,,,,,,,,,,,,,,,,,,,,,,,,,,,,,,,,,,,,,,,,,,,,,,,,,,,,,,
9,Evaluation of an mhealth app (destressify) on university students' mental health: Pilot trial,"Lee, R.A.; Jung, M.E.",mary.jung@ubc.ca,,,,,,,,,,30,,,,,1,,,,,,,,,,,,,,,,,,,,,,,,,,,,,,,,,,,,,,,,,,,,,,,,,,,,,,,,,
10,Evaluation of a mindfulness intervention for paralympic leaders prior to the paralympic games,"Lundqvist, Carolina; Ståhl, Linda; Kenttä, Göran; Thulin, Ulrika","carolina.lundqvist@liu.se, ulrika.thulin@ki.se",,,"International Journal of Sports Science& Coaching",25,2018,1,1,1,10.1177/1747954117746495,7,,,,,1,,,,,,,,,,,,,,,,,,,,,,,,,,,,,,,,,,,,,,,,,,,,,,,,,,,,,,,,,
10,Evaluation of a mindfulness intervention for paralympic leaders prior to the paralympic games,"Lundqvist, Carolina; Ståhl, Linda; Kenttä, Göran; Thulin, Ulrika","carolina.lundqvist@liu.se, ulrika.thulin@ki.se",,,,,,,,,,7,,,,,1,,,,,,,,,,,,,,,,,,,,,,,,,,,,,,,,,,,,,,,,,,,,,,,,,,,,,,,,,
10,Evaluation of a mindfulness intervention for paralympic leaders prior to the paralympic games,"Lundqvist, Carolina; Ståhl, Linda; Kenttä, Göran; Thulin, Ulrika","carolina.lundqvist@liu.se, ulrika.thulin@ki.se",,,,,,,,,,7,,,,,1,,,,,,,,,,,,,,,,,,,,,,,,,,,,,,,,,,,,,,,,,,,,,,,,,,,,,,,,,
10,Evaluation of a mindfulness intervention for paralympic leaders prior to the paralympic games,"Lundqvist, Carolina; Ståhl, Linda; Kenttä, Göran; Thulin, Ulrika","carolina.lundqvist@liu.se, ulrika.thulin@ki.se",,,,,,,,,,7,,,,,1,,,,,,,,,,,,,,,,,,,,,,,,,,,,,,,,,,,,,,,,,,,,,,,,,,,,,,,,,
11,Effects of a novel positive psychological intervention on prenatal stress and well-being: A pilot randomised controlled trial,"Matvienko-Sikar, K.; Dockray, S.",Karen.msikar@ucc.ie,,,Women and Birth,34,2017,1,1,3,10.1016/j.wombi.2016.10.003,39,,,,,1,,,,,,,,,,,,,,,,,,,,,,,,,,,,,,,,,,,,,,,,,,,,,,,,,,,,,,,,,
11,Effects of a novel positive psychological intervention on prenatal stress and well-being: A pilot randomised controlled trial,"Matvienko-Sikar, K.; Dockray, S.",Karen.msikar@ucc.ie,,,,,,,,,,,,,,,1,,,,,,,,,,,,,,,,,,,,,,,,,,,,,,,,,,,,,,,,,,,,,,,,,,,,,,,,,
11,Effects of a novel positive psychological intervention on prenatal stress and well-being: A pilot randomised controlled trial,"Matvienko-Sikar, K.; Dockray, S.",Karen.msikar@ucc.ie,,,,,,,,,,,,,,,1,,,,,,,,,,,,,,,,,,,,,,,,,,,,,,,,,,,,,,,,,,,,,,,,,,,,,,,,,
12,"Feasibility of an online mindfulness program for stress management—A randomized, controlled trial","Morledge, Thomas J.; Allexandre, Didier; Fox, Emily; Fu, Alex Z.; Higashi, Mitchell K.; Kruzikas, Denise T.; Pham, Sissi V.; Reese, Pat Ray",Anders.meland@flymed.uio.no,,,Annals of Behavioral Medicine,44,2013,1,1,1,10.1007/s12160-013-9490-x,129,,,,,1,,,,,,,,,,,,,,,,,,,,,,,,,,,,,,,,,,,,,,,,,,,,,,,,,,,,,,,,,
12,"Feasibility of an online mindfulness program for stress management—A randomized, controlled trial","Morledge, Thomas J.; Allexandre, Didier; Fox, Emily; Fu, Alex Z.; Higashi, Mitchell K.; Kruzikas, Denise T.; Pham, Sissi V.; Reese, Pat Ray",Anders.meland@flymed.uio.no,,,,,,,,,,129,,,,,1,,,,,,,,,,,,,,,,,,,,,,,,,,,,,,,,,,,,,,,,,,,,,,,,,,,,,,,,,
13,"Online Mindfulness Training Increases Well-Being, Trait Emotional Intelligence, and Workplace Competency Ratings: A Randomized Waitlist-Controlled Trial","Nadler, R.; Carswell, J.J.; Minda, J.P.","rnadler@sigmaassessmentsystems.com",,,frontiers in psychology,98,2020,1,1,,10.3389/fpsyg.2020.00255,0,,,,,1,,,,,,,,,,,,,,,,,,,,,,,,,,,,,,,,,,,,,,,,,,,,,,,,,,,,,,,,,
13,"Online Mindfulness Training Increases Well-Being, Trait Emotional Intelligence, and Workplace Competency Ratings: A Randomized Waitlist-Controlled Trial","Nadler, R.; Carswell, J.J.; Minda, J.P.","rnadler@sigmaassessmentsystems.com",,,,,,,,,,0,,,,,1,,,,,,,,,,,,,,,,,,,,,,,,,,,,,,,,,,,,,,,,,,,,,,,,,,,,,,,,,
13,"Online Mindfulness Training Increases Well-Being, Trait Emotional Intelligence, and Workplace Competency Ratings: A Randomized Waitlist-Controlled Trial","Nadler, R.; Carswell, J.J.; Minda, J.P.","rnadler@sigmaassessmentsystems.com",,,,,,,,,,0,,,,,1,,,,,,,,,,,,,,,,,,,,,,,,,,,,,,,,,,,,,,,,,,,,,,,,,,,,,,,,,
14,An online mindfulness-based intervention for undergraduate pharmacy students: Results of a mixed-methods feasibility study,"O'Driscoll, M.; Byrne, S.; Byrne, H.; Lambert, S.; Sahm, L.J.","michelle.odriscoll@ucc.ie, Stephen.byrne@ucc.ie, sharon.lambert@ucc.i, l.sahm@ucc.ie",,,Currents in Pharmacy Teaching and Learning,20,2019,1,1,3,10.1016/j.cptl.2019.05.013,2,,,,,1,,,,,,,,,,,,,,,,,,,,,,,,,,,,,,,,,,,,,,,,,,,,,,,,,,,,,,,,,
15,Effectiveness of Mindfulness-Based Stress Reduction bibliotherapy,"Oren, Yelena Kholodenko",hhazlett@unr.edu,,,,,2016,1,0,1,10.1002/jclp.22370,0,,,,,1,,,,,,,,,,,,,,,,,,,,,,,,,,,,,,,,,,,,,,,,,,,,,,,,,,,,,,,,,
15,Effectiveness of Mindfulness-Based Stress Reduction bibliotherapy,"Oren, Yelena Kholodenko",hhazlett@unr.edu,,,,,2016,1,0,1,10.1002/jclp.22370,0,,,,,1,,,,,,,,,,,,,,,,,,,,,,,,,,,,,,,,,,,,,,,,,,,,,,,,,,,,,,,,,
15,Effectiveness of Mindfulness-Based Stress Reduction bibliotherapy,"Oren, Yelena Kholodenko",hhazlett@unr.edu,,,,,2016,1,0,1,10.1002/jclp.22370,0,,,,,1,,,,,,,,,,,,,,,,,,,,,,,,,,,,,,,,,,,,,,,,,,,,,,,,,,,,,,,,,
15,Effectiveness of Mindfulness-Based Stress Reduction bibliotherapy,"Oren, Yelena Kholodenko",hhazlett@unr.edu,,,,,2016,1,0,1,10.1002/jclp.22370,0,,,,,1,,,,,,,,,,,,,,,,,,,,,,,,,,,,,,,,,,,,,,,,,,,,,,,,,,,,,,,,,
15,Effectiveness of Mindfulness-Based Stress Reduction bibliotherapy,"Oren, Yelena Kholodenko",hhazlett@unr.edu,,,,,2016,1,0,1,10.1002/jclp.22370,0,,,,,1,,,,,,,,,,,,,,,,,,,,,,,,,,,,,,,,,,,,,,,,,,,,,,,,,,,,,,,,,
16,Effects of Mindfulness on Psychological Distress and HbA1c in People with Diabetes,"Pearson, S.; Wills, K.; Woods, M.; Warnecke, E.",sue.pearson@utas.edu.au,,,Mindfulness,58,2018,1,1,1,10.1007/s12671-018-0908-1,6,,,,,1,,,,,,,,,,,,,,,,,,,,,,,,,,,,,,,,,,,,,,,,,,,,,,,,,,,,,,,,,
16,Effects of Mindfulness on Psychological Distress and HbA1c in People with Diabetes,"Pearson, S.; Wills, K.; Woods, M.; Warnecke, E.",sue.pearson@utas.edu.au,,,,,,,,,,,,,,,1,,,,,,,,,,,,,,,,,,,,,,,,,,,,,,,,,,,,,,,,,,,,,,,,,,,,,,,,,
16,Effects of Mindfulness on Psychological Distress and HbA1c in People with Diabetes,"Pearson, S.; Wills, K.; Woods, M.; Warnecke, E.",sue.pearson@utas.edu.au,,,,,,,,,,,,,,,1,,,,,,,,,,,,,,,,,,,,,,,,,,,,,,,,,,,,,,,,,,,,,,,,,,,,,,,,,
16,Effects of Mindfulness on Psychological Distress and HbA1c in People with Diabetes,"Pearson, S.; Wills, K.; Woods, M.; Warnecke, E.",sue.pearson@utas.edu.au,,,,,,,,,,,,,,,1,,,,,,,,,,,,,,,,,,,,,,,,,,,,,,,,,,,,,,,,,,,,,,,,,,,,,,,,,
16,Effects of Mindfulness on Psychological Distress and HbA1c in People with Diabetes,"Pearson, S.; Wills, K.; Woods, M.; Warnecke, E.",sue.pearson@utas.edu.au,,,,,,,,,,,,,,,1,,,,,,,,,,,,,,,,,,,,,,,,,,,,,,,,,,,,,,,,,,,,,,,,,,,,,,,,,
16,Effects of Mindfulness on Psychological Distress and HbA1c in People with Diabetes,"Pearson, S.; Wills, K.; Woods, M.; Warnecke, E.",sue.pearson@utas.edu.au,,,,,,,,,,,,,,,1,,,,,,,,,,,,,,,,,,,,,,,,,,,,,,,,,,,,,,,,,,,,,,,,,,,,,,,,,
16,Effects of Mindfulness on Psychological Distress and HbA1c in People with Diabetes,"Pearson, S.; Wills, K.; Woods, M.; Warnecke, E.",sue.pearson@utas.edu.au,,,,,,,,,,,,,,,1,,,,,,,,,,,,,,,,,,,,,,,,,,,,,,,,,,,,,,,,,,,,,,,,,,,,,,,,,
16,Effects of Mindfulness on Psychological Distress and HbA1c in People with Diabetes,"Pearson, S.; Wills, K.; Woods, M.; Warnecke, E.",sue.pearson@utas.edu.au,,,,,,,,,,,,,,,1,,,,,,,,,,,,,,,,,,,,,,,,,,,,,,,,,,,,,,,,,,,,,,,,,,,,,,,,,
17,A randomized control trial evaluating an online mindful parenting training for mothers with elevated parental stress,"Potharst, E.S.; Boekhorst, M.G.B.M.; Cuijlits, I.; van Broekhoven, K.E.M.; Jacobs, A.; Spek, V.; Nyklíček, I.; Bögels, S.M.; Pop, V.J.M.",M.G.B.M.Boekhorst@uvt.nl,,,frontiers in psychology,98,2019,0,1,3,10.3389/fpsyg.2019.01550,1,,,,,1,,,,,,,,,,,,,,,,,,,,,,,,,,,,,,,,,,,,,,,,,,,,,,,,,,,,,,,,,
18,A pilot randomised controlled trial of an online mindfulness-based program for people diagnosed with melanoma,"Russell, L.; Ugalde, A.; Orellana, L.; Milne, D.; Krishnasamy, M.; Chambers, R.; Austin, D.W.; Livingston, P.M.",l.russell@deakin.edu.au,,,supportive care in cancer,55,2019,1,1,1,10.1007/s00520-018-4574-6,4,,,,,1,,,,,,,,,,,,,,,,,,,,,,,,,,,,,,,,,,,,,,,,,,,,,,,,,,,,,,,,,
18,A pilot randomised controlled trial of an online mindfulness-based program for people diagnosed with melanoma,"Russell, L.; Ugalde, A.; Orellana, L.; Milne, D.; Krishnasamy, M.; Chambers, R.; Austin, D.W.; Livingston, P.M.",l.russell@deakin.edu.au,,,,,,1,1,1,10.1007/s00520-018-4574-6,4,,,,,1,,,,,,,,,,,,,,,,,,,,,,,,,,,,,,,,,,,,,,,,,,,,,,,,,,,,,,,,,
18,A pilot randomised controlled trial of an online mindfulness-based program for people diagnosed with melanoma,"Russell, L.; Ugalde, A.; Orellana, L.; Milne, D.; Krishnasamy, M.; Chambers, R.; Austin, D.W.; Livingston, P.M.",l.russell@deakin.edu.au,,,,,,1,1,1,10.1007/s00520-018-4574-6,4,,,,,1,,,,,,,,,,,,,,,,,,,,,,,,,,,,,,,,,,,,,,,,,,,,,,,,,,,,,,,,,
18,A pilot randomised controlled trial of an online mindfulness-based program for people diagnosed with melanoma,"Russell, L.; Ugalde, A.; Orellana, L.; Milne, D.; Krishnasamy, M.; Chambers, R.; Austin, D.W.; Livingston, P.M.",l.russell@deakin.edu.au,,,,,,1,1,1,10.1007/s00520-018-4574-6,4,,,,,1,,,,,,,,,,,,,,,,,,,,,,,,,,,,,,,,,,,,,,,,,,,,,,,,,,,,,,,,,
19,Exploring the effectiveness of a mindfulness training app for managing stress in a university student population: A pilot study,"Siembor, Brian",,,,,,2018,1,0,3,10.17760/D20284631,0,,,,,1,,,,,,,,,,,,,,,,,,,,,,,,,,,,,,,,,,,,,,,,,,,,,,,,,,,,,,,,,
19,Exploring the effectiveness of a mindfulness training app for managing stress in a university student population: A pilot study,"Siembor, Brian",,,,,,,,,,,,,,,,1,,,,,,,,,,,,,,,,,,,,,,,,,,,,,,,,,,,,,,,,,,,,,,,,,,,,,,,,,
19,Exploring the effectiveness of a mindfulness training app for managing stress in a university student population: A pilot study,"Siembor, Brian",,,,,,,,,,,,,,,,1,,,,,,,,,,,,,,,,,,,,,,,,,,,,,,,,,,,,,,,,,,,,,,,,,,,,,,,,,
20,Effectiveness and usability of a web-based mindfulness intervention for families living with mental illness,"Stjernswärd, Sigrid; Hansson, Lars",sigrid.stjernsward@med.lu.se,,,Mindfulness,58,2017,,1,0,10.1007/s12671-016-0653-2,11,,,,,1,,,,,,,,,,,,,,,,,,,,,,,,,,,,,,,,,,,,,,,,,,,,,,,,,,,,,,,,,
20,Effectiveness and usability of a web-based mindfulness intervention for families living with mental illness,"Stjernswärd, Sigrid; Hansson, Lars",sigrid.stjernsward@med.lu.se,,,Mindfulness,58,2017,,1,0,10.1007/s12671-016-0653-2,11,,,,,1,,,,,,,,,,,,,,,,,,,,,,,,,,,,,,,,,,,,,,,,,,,,,,,,,,,,,,,,,
21,Internet Mindfulness Meditation Intervention (IMMI) Improves Depression Symptoms in Older Adults.,"Wahbeh, Helané","hwahbeh@noetic.org, wahbehh@ohsu.edu",,,,,2018,,,,10.3390/medicines5040119,5,,,,,1,,,,,,,,,,,,,,,,,,,,,,,,,,,,,,,,,,,,,,,,,,,,,,,,,,,,,,,,,
21,Internet Mindfulness Meditation Intervention (IMMI) Improves Depression Symptoms in Older Adults.,"Wahbeh, Helané","hwahbeh@noetic.org, wahbehh@ohsu.edu",,,,,2018,,,,10.3390/medicines5040119,5,,,,,1,,,,,,,,,,,,,,,,,,,,,,,,,,,,,,,,,,,,,,,,,,,,,,,,,,,,,,,,,
21,Internet Mindfulness Meditation Intervention (IMMI) Improves Depression Symptoms in Older Adults.,"Wahbeh, Helané","hwahbeh@noetic.org, wahbehh@ohsu.edu",,,,,2018,,,,10.3390/medicines5040119,5,,,,,1,,,,,,,,,,,,,,,,,,,,,,,,,,,,,,,,,,,,,,,,,,,,,,,,,,,,,,,,,
22,Perfectionism and mindfulness: Effectiveness of a bibliotherapy intervention,"Wimberley, Tessa E.; Mintz, Laurie B.; Suh, Hanna",mintzl@ufl.edu,,,Mindfulness,58,2016,1,1,1,10.1007/s12671-015-0460-1,28,,,,,1,,,,,,,,,,,,,,,,,,,,,,,,,,,,,,,,,,,,,,,,,,,,,,,,,,,,,,,,,
22,Perfectionism and mindfulness: Effectiveness of a bibliotherapy intervention,"Wimberley, Tessa E.; Mintz, Laurie B.; Suh, Hanna",mintzl@ufl.edu,,,,,,,,,,,,,,,1,,,,,,,,,,,,,,,,,,,,,,,,,,,,,,,,,,,,,,,,,,,,,,,,,,,,,,,,,
22,Perfectionism and mindfulness: Effectiveness of a bibliotherapy intervention,"Wimberley, Tessa E.; Mintz, Laurie B.; Suh, Hanna",mintzl@ufl.edu,,,,,,,,,,,,,,,1,,,,,,,,,,,,,,,,,,,,,,,,,,,,,,,,,,,,,,,,,,,,,,,,,,,,,,,,,
22,Perfectionism and mindfulness: Effectiveness of a bibliotherapy intervention,"Wimberley, Tessa E.; Mintz, Laurie B.; Suh, Hanna",mintzl@ufl.edu,,,,,,,,,,,,,,,1,,,,,,,,,,,,,,,,,,,,,,,,,,,,,,,,,,,,,,,,,,,,,,,,,,,,,,,,,
23,A randomised controlled trial of a brief online mindfulness-based intervention,Cavanagh et al.(2013),kate.cavanagh@sussex.ac.uk,,,behavioral research and therapy,57,2013,1,1,4,,59,,,,,1,,,,,,,,,,,,,,,,,,,,,,,,,,,,,,,,,,,,,,,,,,,,,,,,,,,,,,,,,
23,A randomised controlled trial of a brief online mindfulness-based intervention,Cavanagh et al.(2013),kate.cavanagh@sussex.ac.uk,,,behavioral research and therapy,57,2013,1,1,4,,59,,,,,1,,,,,,,,,,,,,,,,,,,,,,,,,,,,,,,,,,,,,,,,,,,,,,,,,,,,,,,,,
24,"A Randomised Controlled Trial of a Brief Online
Mindfulness-Based Intervention in a Non-clinical Population:
Replication and Extension",Cavanagh et al.(2018),kate.cavanagh@sussex.ac.uk,,,Mindfulness,58,2018,1,1,4,,20,,,,,1,,,,,,,,,,,,,,,,,,,,,,,,,,,,,,,,,,,,,,,,,,,,,,,,,,,,,,,,,
24,"A Randomised Controlled Trial of a Brief Online
Mindfulness-Based Intervention in a Non-clinical Population:
Replication and Extension",Cavanagh et al.(2018),kate.cavanagh@sussex.ac.uk,,,Mindfulness,58,2018,1,1,4,,20,,,,,1,,,,,,,,,,,,,,,,,,,,,,,,,,,,,,,,,,,,,,,,,,,,,,,,,,,,,,,,,
24,"A Randomised Controlled Trial of a Brief Online
Mindfulness-Based Intervention in a Non-clinical Population:
Replication and Extension",Cavanagh et al.(2018),kate.cavanagh@sussex.ac.uk,,,Mindfulness,58,2018,1,1,4,,20,,,,,1,,,,,,,,,,,,,,,,,,,,,,,,,,,,,,,,,,,,,,,,,,,,,,,,,,,,,,,,,
,,,,,,,,,,,,,,,,,,,,,,,,,,,,,,,,,,,,,,,,,,,,,,,,,,,,,,,,,,,,,,,,,,,,,,,,,,,
via other meta-analyses,,,,,,,,,,,,,,,,,,,,,,,,,,,,,,,,,,,,,,,,,,,,,,,,,,,,,,,,,,,,,,,,,,,,,,,,,,,